benchmark_id,family_group_id,role_level_id,industry_tag,avg_K,avg_A,avg_P1,avg_P2,avg_total,p10_total,p90_total,top10_K,top10_A,top10_P1,top10_P2,sample_count,data_type,version,created_at
BM_FG_IT_DEV_RL_IC_JR_ALL,FG_IT_DEV,RL_IC_JR,ALL,60,54,50,64,57,39,75,75,69,65,79,0,assumed,v1,2026-03-17T01:02:07
BM_FG_IT_DEV_RL_IC_JR_IT_TECH,FG_IT_DEV,RL_IC_JR,IT_TECH,63,54,50,69,59,41,77,78,69,65,84,0,assumed,v1,2026-03-17T01:02:07
BM_FG_IT_DEV_RL_IC_JR_FINANCE,FG_IT_DEV,RL_IC_JR,FINANCE,64,54,55,64,59,41,77,79,69,70,79,0,assumed,v1,2026-03-17T01:02:07
BM_FG_IT_DEV_RL_IC_JR_MANUFACTURING,FG_IT_DEV,RL_IC_JR,MANUFACTURING,62,54,53,62,58,40,76,77,69,68,77,0,assumed,v1,2026-03-17T01:02:07
BM_FG_IT_DEV_RL_IC_JR_HEALTHCARE,FG_IT_DEV,RL_IC_JR,HEALTHCARE,65,56,50,61,58,40,76,80,71,65,76,0,assumed,v1,2026-03-17T01:02:07
BM_FG_IT_DEV_RL_IC_JR_EDUCATION,FG_IT_DEV,RL_IC_JR,EDUCATION,63,57,50,64,58,40,76,78,72,65,79,0,assumed,v1,2026-03-17T01:02:07
BM_FG_IT_DEV_RL_IC_JR_RETAIL_TRADE,FG_IT_DEV,RL_IC_JR,RETAIL_TRADE,60,56,53,64,58,40,76,75,71,68,79,0,assumed,v1,2026-03-17T01:02:07
BM_FG_IT_DEV_RL_IC_MID_ALL,FG_IT_DEV,RL_IC_MID,ALL,68,62,58,72,65,47,83,83,77,73,87,0,assumed,v1,2026-03-17T01:02:07
BM_FG_IT_DEV_RL_IC_MID_IT_TECH,FG_IT_DEV,RL_IC_MID,IT_TECH,71,62,58,77,67,49,85,86,77,73,92,0,assumed,v1,2026-03-17T01:02:07
BM_FG_IT_DEV_RL_IC_MID_FINANCE,FG_IT_DEV,RL_IC_MID,FINANCE,72,62,63,72,67,49,85,87,77,78,87,0,assumed,v1,2026-03-17T01:02:07
BM_FG_IT_DEV_RL_IC_MID_MANUFACTURING,FG_IT_DEV,RL_IC_MID,MANUFACTURING,70,62,61,70,66,48,84,85,77,76,85,0,assumed,v1,2026-03-17T01:02:07
BM_FG_IT_DEV_RL_IC_MID_HEALTHCARE,FG_IT_DEV,RL_IC_MID,HEALTHCARE,73,64,58,69,66,48,84,88,79,73,84,0,assumed,v1,2026-03-17T01:02:07
BM_FG_IT_DEV_RL_IC_MID_EDUCATION,FG_IT_DEV,RL_IC_MID,EDUCATION,71,65,58,72,66,48,84,86,80,73,87,0,assumed,v1,2026-03-17T01:02:07
BM_FG_IT_DEV_RL_IC_MID_RETAIL_TRADE,FG_IT_DEV,RL_IC_MID,RETAIL_TRADE,68,64,61,72,66,48,84,83,79,76,87,0,assumed,v1,2026-03-17T01:02:07
BM_FG_IT_DEV_RL_IC_SR_ALL,FG_IT_DEV,RL_IC_SR,ALL,74,68,64,78,71,53,89,89,83,79,93,0,assumed,v1,2026-03-17T01:02:07
BM_FG_IT_DEV_RL_IC_SR_IT_TECH,FG_IT_DEV,RL_IC_SR,IT_TECH,77,68,64,83,73,55,91,92,83,79,98,0,assumed,v1,2026-03-17T01:02:07
BM_FG_IT_DEV_RL_IC_SR_FINANCE,FG_IT_DEV,RL_IC_SR,FINANCE,78,68,69,78,73,55,91,93,83,84,93,0,assumed,v1,2026-03-17T01:02:07
BM_FG_IT_DEV_RL_IC_SR_MANUFACTURING,FG_IT_DEV,RL_IC_SR,MANUFACTURING,76,68,67,76,72,54,90,91,83,82,91,0,assumed,v1,2026-03-17T01:02:07
BM_FG_IT_DEV_RL_IC_SR_HEALTHCARE,FG_IT_DEV,RL_IC_SR,HEALTHCARE,79,70,64,75,72,54,90,94,85,79,90,0,assumed,v1,2026-03-17T01:02:07
BM_FG_IT_DEV_RL_IC_SR_EDUCATION,FG_IT_DEV,RL_IC_SR,EDUCATION,77,71,64,78,72,54,90,92,86,79,93,0,assumed,v1,2026-03-17T01:02:07
BM_FG_IT_DEV_RL_IC_SR_RETAIL_TRADE,FG_IT_DEV,RL_IC_SR,RETAIL_TRADE,74,70,67,78,72,54,90,89,85,82,93,0,assumed,v1,2026-03-17T01:02:07
BM_FG_IT_DEV_RL_LEAD_ALL,FG_IT_DEV,RL_LEAD,ALL,78,72,68,82,75,57,93,93,87,83,97,0,assumed,v1,2026-03-17T01:02:07
BM_FG_IT_DEV_RL_LEAD_IT_TECH,FG_IT_DEV,RL_LEAD,IT_TECH,81,72,68,87,77,59,95,96,87,83,102,0,assumed,v1,2026-03-17T01:02:07
BM_FG_IT_DEV_RL_LEAD_FINANCE,FG_IT_DEV,RL_LEAD,FINANCE,82,72,73,82,77,59,95,97,87,88,97,0,assumed,v1,2026-03-17T01:02:07
BM_FG_IT_DEV_RL_LEAD_MANUFACTURING,FG_IT_DEV,RL_LEAD,MANUFACTURING,80,72,71,80,76,58,94,95,87,86,95,0,assumed,v1,2026-03-17T01:02:07
BM_FG_IT_DEV_RL_LEAD_HEALTHCARE,FG_IT_DEV,RL_LEAD,HEALTHCARE,83,74,68,79,76,58,94,98,89,83,94,0,assumed,v1,2026-03-17T01:02:07
BM_FG_IT_DEV_RL_LEAD_EDUCATION,FG_IT_DEV,RL_LEAD,EDUCATION,81,75,68,82,76,58,94,96,90,83,97,0,assumed,v1,2026-03-17T01:02:07
BM_FG_IT_DEV_RL_LEAD_RETAIL_TRADE,FG_IT_DEV,RL_LEAD,RETAIL_TRADE,78,74,71,82,76,58,94,93,89,86,97,0,assumed,v1,2026-03-17T01:02:07
BM_FG_IT_DEV_RL_MGR_ALL,FG_IT_DEV,RL_MGR,ALL,80,74,70,84,77,59,95,95,89,85,99,0,assumed,v1,2026-03-17T01:02:07
BM_FG_IT_DEV_RL_MGR_IT_TECH,FG_IT_DEV,RL_MGR,IT_TECH,83,74,70,89,79,61,97,98,89,85,104,0,assumed,v1,2026-03-17T01:02:07
BM_FG_IT_DEV_RL_MGR_FINANCE,FG_IT_DEV,RL_MGR,FINANCE,84,74,75,84,79,61,97,99,89,90,99,0,assumed,v1,2026-03-17T01:02:07
BM_FG_IT_DEV_RL_MGR_MANUFACTURING,FG_IT_DEV,RL_MGR,MANUFACTURING,82,74,73,82,78,60,96,97,89,88,97,0,assumed,v1,2026-03-17T01:02:07
BM_FG_IT_DEV_RL_MGR_HEALTHCARE,FG_IT_DEV,RL_MGR,HEALTHCARE,85,76,70,81,78,60,96,100,91,85,96,0,assumed,v1,2026-03-17T01:02:07
BM_FG_IT_DEV_RL_MGR_EDUCATION,FG_IT_DEV,RL_MGR,EDUCATION,83,77,70,84,78,60,96,98,92,85,99,0,assumed,v1,2026-03-17T01:02:07
BM_FG_IT_DEV_RL_MGR_RETAIL_TRADE,FG_IT_DEV,RL_MGR,RETAIL_TRADE,80,76,73,84,78,60,96,95,91,88,99,0,assumed,v1,2026-03-17T01:02:07
BM_FG_AI_DATA_RL_IC_JR_ALL,FG_AI_DATA,RL_IC_JR,ALL,62,52,54,66,58,40,76,77,67,69,81,0,assumed,v1,2026-03-17T01:02:07
BM_FG_AI_DATA_RL_IC_JR_IT_TECH,FG_AI_DATA,RL_IC_JR,IT_TECH,65,52,54,71,60,42,78,80,67,69,86,0,assumed,v1,2026-03-17T01:02:07
BM_FG_AI_DATA_RL_IC_JR_FINANCE,FG_AI_DATA,RL_IC_JR,FINANCE,66,52,59,66,61,43,79,81,67,74,81,0,assumed,v1,2026-03-17T01:02:07
BM_FG_AI_DATA_RL_IC_JR_MANUFACTURING,FG_AI_DATA,RL_IC_JR,MANUFACTURING,64,52,57,64,59,41,77,79,67,72,79,0,assumed,v1,2026-03-17T01:02:07
BM_FG_AI_DATA_RL_IC_JR_HEALTHCARE,FG_AI_DATA,RL_IC_JR,HEALTHCARE,67,54,54,63,60,42,78,82,69,69,78,0,assumed,v1,2026-03-17T01:02:07
BM_FG_AI_DATA_RL_IC_JR_EDUCATION,FG_AI_DATA,RL_IC_JR,EDUCATION,65,55,54,66,60,42,78,80,70,69,81,0,assumed,v1,2026-03-17T01:02:07
BM_FG_AI_DATA_RL_IC_JR_RETAIL_TRADE,FG_AI_DATA,RL_IC_JR,RETAIL_TRADE,62,54,57,66,60,42,78,77,69,72,81,0,assumed,v1,2026-03-17T01:02:07
BM_FG_AI_DATA_RL_IC_MID_ALL,FG_AI_DATA,RL_IC_MID,ALL,70,60,62,74,66,48,84,85,75,77,89,0,assumed,v1,2026-03-17T01:02:07
BM_FG_AI_DATA_RL_IC_MID_IT_TECH,FG_AI_DATA,RL_IC_MID,IT_TECH,73,60,62,79,68,50,86,88,75,77,94,0,assumed,v1,2026-03-17T01:02:07
BM_FG_AI_DATA_RL_IC_MID_FINANCE,FG_AI_DATA,RL_IC_MID,FINANCE,74,60,67,74,69,51,87,89,75,82,89,0,assumed,v1,2026-03-17T01:02:07
BM_FG_AI_DATA_RL_IC_MID_MANUFACTURING,FG_AI_DATA,RL_IC_MID,MANUFACTURING,72,60,65,72,67,49,85,87,75,80,87,0,assumed,v1,2026-03-17T01:02:07
BM_FG_AI_DATA_RL_IC_MID_HEALTHCARE,FG_AI_DATA,RL_IC_MID,HEALTHCARE,75,62,62,71,68,50,86,90,77,77,86,0,assumed,v1,2026-03-17T01:02:07
BM_FG_AI_DATA_RL_IC_MID_EDUCATION,FG_AI_DATA,RL_IC_MID,EDUCATION,73,63,62,74,68,50,86,88,78,77,89,0,assumed,v1,2026-03-17T01:02:07
BM_FG_AI_DATA_RL_IC_MID_RETAIL_TRADE,FG_AI_DATA,RL_IC_MID,RETAIL_TRADE,70,62,65,74,68,50,86,85,77,80,89,0,assumed,v1,2026-03-17T01:02:07
BM_FG_AI_DATA_RL_IC_SR_ALL,FG_AI_DATA,RL_IC_SR,ALL,76,66,68,80,72,54,90,91,81,83,95,0,assumed,v1,2026-03-17T01:02:07
BM_FG_AI_DATA_RL_IC_SR_IT_TECH,FG_AI_DATA,RL_IC_SR,IT_TECH,79,66,68,85,74,56,92,94,81,83,100,0,assumed,v1,2026-03-17T01:02:07
BM_FG_AI_DATA_RL_IC_SR_FINANCE,FG_AI_DATA,RL_IC_SR,FINANCE,80,66,73,80,75,57,93,95,81,88,95,0,assumed,v1,2026-03-17T01:02:07
BM_FG_AI_DATA_RL_IC_SR_MANUFACTURING,FG_AI_DATA,RL_IC_SR,MANUFACTURING,78,66,71,78,73,55,91,93,81,86,93,0,assumed,v1,2026-03-17T01:02:07
BM_FG_AI_DATA_RL_IC_SR_HEALTHCARE,FG_AI_DATA,RL_IC_SR,HEALTHCARE,81,68,68,77,74,56,92,96,83,83,92,0,assumed,v1,2026-03-17T01:02:07
BM_FG_AI_DATA_RL_IC_SR_EDUCATION,FG_AI_DATA,RL_IC_SR,EDUCATION,79,69,68,80,74,56,92,94,84,83,95,0,assumed,v1,2026-03-17T01:02:07
BM_FG_AI_DATA_RL_IC_SR_RETAIL_TRADE,FG_AI_DATA,RL_IC_SR,RETAIL_TRADE,76,68,71,80,74,56,92,91,83,86,95,0,assumed,v1,2026-03-17T01:02:07
BM_FG_AI_DATA_RL_LEAD_ALL,FG_AI_DATA,RL_LEAD,ALL,80,70,72,84,76,58,94,95,85,87,99,0,assumed,v1,2026-03-17T01:02:07
BM_FG_AI_DATA_RL_LEAD_IT_TECH,FG_AI_DATA,RL_LEAD,IT_TECH,83,70,72,89,78,60,96,98,85,87,104,0,assumed,v1,2026-03-17T01:02:07
BM_FG_AI_DATA_RL_LEAD_FINANCE,FG_AI_DATA,RL_LEAD,FINANCE,84,70,77,84,79,61,97,99,85,92,99,0,assumed,v1,2026-03-17T01:02:07
BM_FG_AI_DATA_RL_LEAD_MANUFACTURING,FG_AI_DATA,RL_LEAD,MANUFACTURING,82,70,75,82,77,59,95,97,85,90,97,0,assumed,v1,2026-03-17T01:02:07
BM_FG_AI_DATA_RL_LEAD_HEALTHCARE,FG_AI_DATA,RL_LEAD,HEALTHCARE,85,72,72,81,78,60,96,100,87,87,96,0,assumed,v1,2026-03-17T01:02:07
BM_FG_AI_DATA_RL_LEAD_EDUCATION,FG_AI_DATA,RL_LEAD,EDUCATION,83,73,72,84,78,60,96,98,88,87,99,0,assumed,v1,2026-03-17T01:02:07
BM_FG_AI_DATA_RL_LEAD_RETAIL_TRADE,FG_AI_DATA,RL_LEAD,RETAIL_TRADE,80,72,75,84,78,60,96,95,87,90,99,0,assumed,v1,2026-03-17T01:02:07
BM_FG_AI_DATA_RL_MGR_ALL,FG_AI_DATA,RL_MGR,ALL,82,72,74,86,78,60,96,97,87,89,101,0,assumed,v1,2026-03-17T01:02:07
BM_FG_AI_DATA_RL_MGR_IT_TECH,FG_AI_DATA,RL_MGR,IT_TECH,85,72,74,91,80,62,98,100,87,89,106,0,assumed,v1,2026-03-17T01:02:07
BM_FG_AI_DATA_RL_MGR_FINANCE,FG_AI_DATA,RL_MGR,FINANCE,86,72,79,86,81,63,99,101,87,94,101,0,assumed,v1,2026-03-17T01:02:07
BM_FG_AI_DATA_RL_MGR_MANUFACTURING,FG_AI_DATA,RL_MGR,MANUFACTURING,84,72,77,84,79,61,97,99,87,92,99,0,assumed,v1,2026-03-17T01:02:07
BM_FG_AI_DATA_RL_MGR_HEALTHCARE,FG_AI_DATA,RL_MGR,HEALTHCARE,87,74,74,83,80,62,98,102,89,89,98,0,assumed,v1,2026-03-17T01:02:07
BM_FG_AI_DATA_RL_MGR_EDUCATION,FG_AI_DATA,RL_MGR,EDUCATION,85,75,74,86,80,62,98,100,90,89,101,0,assumed,v1,2026-03-17T01:02:07
BM_FG_AI_DATA_RL_MGR_RETAIL_TRADE,FG_AI_DATA,RL_MGR,RETAIL_TRADE,82,74,77,86,80,62,98,97,89,92,101,0,assumed,v1,2026-03-17T01:02:07
BM_FG_MARKETING_RL_IC_JR_ALL,FG_MARKETING,RL_IC_JR,ALL,54,57,55,57,56,38,74,69,72,70,72,0,assumed,v1,2026-03-17T01:02:07
BM_FG_MARKETING_RL_IC_JR_IT_TECH,FG_MARKETING,RL_IC_JR,IT_TECH,57,57,55,62,58,40,76,72,72,70,77,0,assumed,v1,2026-03-17T01:02:07
BM_FG_MARKETING_RL_IC_JR_FINANCE,FG_MARKETING,RL_IC_JR,FINANCE,58,57,60,57,58,40,76,73,72,75,72,0,assumed,v1,2026-03-17T01:02:07
BM_FG_MARKETING_RL_IC_JR_MANUFACTURING,FG_MARKETING,RL_IC_JR,MANUFACTURING,56,57,58,55,56,38,74,71,72,73,70,0,assumed,v1,2026-03-17T01:02:07
BM_FG_MARKETING_RL_IC_JR_HEALTHCARE,FG_MARKETING,RL_IC_JR,HEALTHCARE,59,59,55,54,57,39,75,74,74,70,69,0,assumed,v1,2026-03-17T01:02:07
BM_FG_MARKETING_RL_IC_JR_EDUCATION,FG_MARKETING,RL_IC_JR,EDUCATION,57,60,55,57,57,39,75,72,75,70,72,0,assumed,v1,2026-03-17T01:02:07
BM_FG_MARKETING_RL_IC_JR_RETAIL_TRADE,FG_MARKETING,RL_IC_JR,RETAIL_TRADE,54,59,58,57,57,39,75,69,74,73,72,0,assumed,v1,2026-03-17T01:02:07
BM_FG_MARKETING_RL_IC_MID_ALL,FG_MARKETING,RL_IC_MID,ALL,62,65,63,65,64,46,82,77,80,78,80,0,assumed,v1,2026-03-17T01:02:07
BM_FG_MARKETING_RL_IC_MID_IT_TECH,FG_MARKETING,RL_IC_MID,IT_TECH,65,65,63,70,66,48,84,80,80,78,85,0,assumed,v1,2026-03-17T01:02:07
BM_FG_MARKETING_RL_IC_MID_FINANCE,FG_MARKETING,RL_IC_MID,FINANCE,66,65,68,65,66,48,84,81,80,83,80,0,assumed,v1,2026-03-17T01:02:07
BM_FG_MARKETING_RL_IC_MID_MANUFACTURING,FG_MARKETING,RL_IC_MID,MANUFACTURING,64,65,66,63,64,46,82,79,80,81,78,0,assumed,v1,2026-03-17T01:02:07
BM_FG_MARKETING_RL_IC_MID_HEALTHCARE,FG_MARKETING,RL_IC_MID,HEALTHCARE,67,67,63,62,65,47,83,82,82,78,77,0,assumed,v1,2026-03-17T01:02:07
BM_FG_MARKETING_RL_IC_MID_EDUCATION,FG_MARKETING,RL_IC_MID,EDUCATION,65,68,63,65,65,47,83,80,83,78,80,0,assumed,v1,2026-03-17T01:02:07
BM_FG_MARKETING_RL_IC_MID_RETAIL_TRADE,FG_MARKETING,RL_IC_MID,RETAIL_TRADE,62,67,66,65,65,47,83,77,82,81,80,0,assumed,v1,2026-03-17T01:02:07
BM_FG_MARKETING_RL_IC_SR_ALL,FG_MARKETING,RL_IC_SR,ALL,68,71,69,71,70,52,88,83,86,84,86,0,assumed,v1,2026-03-17T01:02:07
BM_FG_MARKETING_RL_IC_SR_IT_TECH,FG_MARKETING,RL_IC_SR,IT_TECH,71,71,69,76,72,54,90,86,86,84,91,0,assumed,v1,2026-03-17T01:02:07
BM_FG_MARKETING_RL_IC_SR_FINANCE,FG_MARKETING,RL_IC_SR,FINANCE,72,71,74,71,72,54,90,87,86,89,86,0,assumed,v1,2026-03-17T01:02:07
BM_FG_MARKETING_RL_IC_SR_MANUFACTURING,FG_MARKETING,RL_IC_SR,MANUFACTURING,70,71,72,69,70,52,88,85,86,87,84,0,assumed,v1,2026-03-17T01:02:07
BM_FG_MARKETING_RL_IC_SR_HEALTHCARE,FG_MARKETING,RL_IC_SR,HEALTHCARE,73,73,69,68,71,53,89,88,88,84,83,0,assumed,v1,2026-03-17T01:02:07
BM_FG_MARKETING_RL_IC_SR_EDUCATION,FG_MARKETING,RL_IC_SR,EDUCATION,71,74,69,71,71,53,89,86,89,84,86,0,assumed,v1,2026-03-17T01:02:07
BM_FG_MARKETING_RL_IC_SR_RETAIL_TRADE,FG_MARKETING,RL_IC_SR,RETAIL_TRADE,68,73,72,71,71,53,89,83,88,87,86,0,assumed,v1,2026-03-17T01:02:07
BM_FG_MARKETING_RL_LEAD_ALL,FG_MARKETING,RL_LEAD,ALL,72,75,73,75,74,56,92,87,90,88,90,0,assumed,v1,2026-03-17T01:02:07
BM_FG_MARKETING_RL_LEAD_IT_TECH,FG_MARKETING,RL_LEAD,IT_TECH,75,75,73,80,76,58,94,90,90,88,95,0,assumed,v1,2026-03-17T01:02:07
BM_FG_MARKETING_RL_LEAD_FINANCE,FG_MARKETING,RL_LEAD,FINANCE,76,75,78,75,76,58,94,91,90,93,90,0,assumed,v1,2026-03-17T01:02:07
BM_FG_MARKETING_RL_LEAD_MANUFACTURING,FG_MARKETING,RL_LEAD,MANUFACTURING,74,75,76,73,74,56,92,89,90,91,88,0,assumed,v1,2026-03-17T01:02:07
BM_FG_MARKETING_RL_LEAD_HEALTHCARE,FG_MARKETING,RL_LEAD,HEALTHCARE,77,77,73,72,75,57,93,92,92,88,87,0,assumed,v1,2026-03-17T01:02:07
BM_FG_MARKETING_RL_LEAD_EDUCATION,FG_MARKETING,RL_LEAD,EDUCATION,75,78,73,75,75,57,93,90,93,88,90,0,assumed,v1,2026-03-17T01:02:07
BM_FG_MARKETING_RL_LEAD_RETAIL_TRADE,FG_MARKETING,RL_LEAD,RETAIL_TRADE,72,77,76,75,75,57,93,87,92,91,90,0,assumed,v1,2026-03-17T01:02:07
BM_FG_MARKETING_RL_MGR_ALL,FG_MARKETING,RL_MGR,ALL,74,77,75,77,76,58,94,89,92,90,92,0,assumed,v1,2026-03-17T01:02:07
BM_FG_MARKETING_RL_MGR_IT_TECH,FG_MARKETING,RL_MGR,IT_TECH,77,77,75,82,78,60,96,92,92,90,97,0,assumed,v1,2026-03-17T01:02:07
BM_FG_MARKETING_RL_MGR_FINANCE,FG_MARKETING,RL_MGR,FINANCE,78,77,80,77,78,60,96,93,92,95,92,0,assumed,v1,2026-03-17T01:02:07
BM_FG_MARKETING_RL_MGR_MANUFACTURING,FG_MARKETING,RL_MGR,MANUFACTURING,76,77,78,75,76,58,94,91,92,93,90,0,assumed,v1,2026-03-17T01:02:07
BM_FG_MARKETING_RL_MGR_HEALTHCARE,FG_MARKETING,RL_MGR,HEALTHCARE,79,79,75,74,77,59,95,94,94,90,89,0,assumed,v1,2026-03-17T01:02:07
BM_FG_MARKETING_RL_MGR_EDUCATION,FG_MARKETING,RL_MGR,EDUCATION,77,80,75,77,77,59,95,92,95,90,92,0,assumed,v1,2026-03-17T01:02:07
BM_FG_MARKETING_RL_MGR_RETAIL_TRADE,FG_MARKETING,RL_MGR,RETAIL_TRADE,74,79,78,77,77,59,95,89,94,93,92,0,assumed,v1,2026-03-17T01:02:07
BM_FG_SALES_RL_IC_JR_ALL,FG_SALES,RL_IC_JR,ALL,52,60,62,54,57,39,75,67,75,77,69,0,assumed,v1,2026-03-17T01:02:07
BM_FG_SALES_RL_IC_JR_IT_TECH,FG_SALES,RL_IC_JR,IT_TECH,55,60,62,59,59,41,77,70,75,77,74,0,assumed,v1,2026-03-17T01:02:07
BM_FG_SALES_RL_IC_JR_FINANCE,FG_SALES,RL_IC_JR,FINANCE,56,60,67,54,59,41,77,71,75,82,69,0,assumed,v1,2026-03-17T01:02:07
BM_FG_SALES_RL_IC_JR_MANUFACTURING,FG_SALES,RL_IC_JR,MANUFACTURING,54,60,65,52,58,40,76,69,75,80,67,0,assumed,v1,2026-03-17T01:02:07
BM_FG_SALES_RL_IC_JR_HEALTHCARE,FG_SALES,RL_IC_JR,HEALTHCARE,57,62,62,51,58,40,76,72,77,77,66,0,assumed,v1,2026-03-17T01:02:07
BM_FG_SALES_RL_IC_JR_EDUCATION,FG_SALES,RL_IC_JR,EDUCATION,55,63,62,54,58,40,76,70,78,77,69,0,assumed,v1,2026-03-17T01:02:07
BM_FG_SALES_RL_IC_JR_RETAIL_TRADE,FG_SALES,RL_IC_JR,RETAIL_TRADE,52,62,65,54,58,40,76,67,77,80,69,0,assumed,v1,2026-03-17T01:02:07
BM_FG_SALES_RL_IC_MID_ALL,FG_SALES,RL_IC_MID,ALL,60,68,70,62,65,47,83,75,83,85,77,0,assumed,v1,2026-03-17T01:02:07
BM_FG_SALES_RL_IC_MID_IT_TECH,FG_SALES,RL_IC_MID,IT_TECH,63,68,70,67,67,49,85,78,83,85,82,0,assumed,v1,2026-03-17T01:02:07
BM_FG_SALES_RL_IC_MID_FINANCE,FG_SALES,RL_IC_MID,FINANCE,64,68,75,62,67,49,85,79,83,90,77,0,assumed,v1,2026-03-17T01:02:07
BM_FG_SALES_RL_IC_MID_MANUFACTURING,FG_SALES,RL_IC_MID,MANUFACTURING,62,68,73,60,66,48,84,77,83,88,75,0,assumed,v1,2026-03-17T01:02:07
BM_FG_SALES_RL_IC_MID_HEALTHCARE,FG_SALES,RL_IC_MID,HEALTHCARE,65,70,70,59,66,48,84,80,85,85,74,0,assumed,v1,2026-03-17T01:02:07
BM_FG_SALES_RL_IC_MID_EDUCATION,FG_SALES,RL_IC_MID,EDUCATION,63,71,70,62,66,48,84,78,86,85,77,0,assumed,v1,2026-03-17T01:02:07
BM_FG_SALES_RL_IC_MID_RETAIL_TRADE,FG_SALES,RL_IC_MID,RETAIL_TRADE,60,70,73,62,66,48,84,75,85,88,77,0,assumed,v1,2026-03-17T01:02:07
BM_FG_SALES_RL_IC_SR_ALL,FG_SALES,RL_IC_SR,ALL,66,74,76,68,71,53,89,81,89,91,83,0,assumed,v1,2026-03-17T01:02:07
BM_FG_SALES_RL_IC_SR_IT_TECH,FG_SALES,RL_IC_SR,IT_TECH,69,74,76,73,73,55,91,84,89,91,88,0,assumed,v1,2026-03-17T01:02:07
BM_FG_SALES_RL_IC_SR_FINANCE,FG_SALES,RL_IC_SR,FINANCE,70,74,81,68,73,55,91,85,89,96,83,0,assumed,v1,2026-03-17T01:02:07
BM_FG_SALES_RL_IC_SR_MANUFACTURING,FG_SALES,RL_IC_SR,MANUFACTURING,68,74,79,66,72,54,90,83,89,94,81,0,assumed,v1,2026-03-17T01:02:07
BM_FG_SALES_RL_IC_SR_HEALTHCARE,FG_SALES,RL_IC_SR,HEALTHCARE,71,76,76,65,72,54,90,86,91,91,80,0,assumed,v1,2026-03-17T01:02:07
BM_FG_SALES_RL_IC_SR_EDUCATION,FG_SALES,RL_IC_SR,EDUCATION,69,77,76,68,72,54,90,84,92,91,83,0,assumed,v1,2026-03-17T01:02:07
BM_FG_SALES_RL_IC_SR_RETAIL_TRADE,FG_SALES,RL_IC_SR,RETAIL_TRADE,66,76,79,68,72,54,90,81,91,94,83,0,assumed,v1,2026-03-17T01:02:07
BM_FG_SALES_RL_LEAD_ALL,FG_SALES,RL_LEAD,ALL,70,78,80,72,75,57,93,85,93,95,87,0,assumed,v1,2026-03-17T01:02:07
BM_FG_SALES_RL_LEAD_IT_TECH,FG_SALES,RL_LEAD,IT_TECH,73,78,80,77,77,59,95,88,93,95,92,0,assumed,v1,2026-03-17T01:02:07
BM_FG_SALES_RL_LEAD_FINANCE,FG_SALES,RL_LEAD,FINANCE,74,78,85,72,77,59,95,89,93,100,87,0,assumed,v1,2026-03-17T01:02:07
BM_FG_SALES_RL_LEAD_MANUFACTURING,FG_SALES,RL_LEAD,MANUFACTURING,72,78,83,70,76,58,94,87,93,98,85,0,assumed,v1,2026-03-17T01:02:07
BM_FG_SALES_RL_LEAD_HEALTHCARE,FG_SALES,RL_LEAD,HEALTHCARE,75,80,80,69,76,58,94,90,95,95,84,0,assumed,v1,2026-03-17T01:02:07
BM_FG_SALES_RL_LEAD_EDUCATION,FG_SALES,RL_LEAD,EDUCATION,73,81,80,72,76,58,94,88,96,95,87,0,assumed,v1,2026-03-17T01:02:07
BM_FG_SALES_RL_LEAD_RETAIL_TRADE,FG_SALES,RL_LEAD,RETAIL_TRADE,70,80,83,72,76,58,94,85,95,98,87,0,assumed,v1,2026-03-17T01:02:07
BM_FG_SALES_RL_MGR_ALL,FG_SALES,RL_MGR,ALL,72,80,82,74,77,59,95,87,95,97,89,0,assumed,v1,2026-03-17T01:02:07
BM_FG_SALES_RL_MGR_IT_TECH,FG_SALES,RL_MGR,IT_TECH,75,80,82,79,79,61,97,90,95,97,94,0,assumed,v1,2026-03-17T01:02:07
BM_FG_SALES_RL_MGR_FINANCE,FG_SALES,RL_MGR,FINANCE,76,80,87,74,79,61,97,91,95,102,89,0,assumed,v1,2026-03-17T01:02:07
BM_FG_SALES_RL_MGR_MANUFACTURING,FG_SALES,RL_MGR,MANUFACTURING,74,80,85,72,78,60,96,89,95,100,87,0,assumed,v1,2026-03-17T01:02:07
BM_FG_SALES_RL_MGR_HEALTHCARE,FG_SALES,RL_MGR,HEALTHCARE,77,82,82,71,78,60,96,92,97,97,86,0,assumed,v1,2026-03-17T01:02:07
BM_FG_SALES_RL_MGR_EDUCATION,FG_SALES,RL_MGR,EDUCATION,75,83,82,74,78,60,96,90,98,97,89,0,assumed,v1,2026-03-17T01:02:07
BM_FG_SALES_RL_MGR_RETAIL_TRADE,FG_SALES,RL_MGR,RETAIL_TRADE,72,82,85,74,78,60,96,87,97,100,89,0,assumed,v1,2026-03-17T01:02:07
BM_FG_HR_ORG_RL_IC_JR_ALL,FG_HR_ORG,RL_IC_JR,ALL,57,58,52,52,55,37,73,72,73,67,67,0,assumed,v1,2026-03-17T01:02:07
BM_FG_HR_ORG_RL_IC_JR_IT_TECH,FG_HR_ORG,RL_IC_JR,IT_TECH,60,58,52,57,57,39,75,75,73,67,72,0,assumed,v1,2026-03-17T01:02:07
BM_FG_HR_ORG_RL_IC_JR_FINANCE,FG_HR_ORG,RL_IC_JR,FINANCE,61,58,57,52,57,39,75,76,73,72,67,0,assumed,v1,2026-03-17T01:02:07
BM_FG_HR_ORG_RL_IC_JR_MANUFACTURING,FG_HR_ORG,RL_IC_JR,MANUFACTURING,59,58,55,50,56,38,74,74,73,70,65,0,assumed,v1,2026-03-17T01:02:07
BM_FG_HR_ORG_RL_IC_JR_HEALTHCARE,FG_HR_ORG,RL_IC_JR,HEALTHCARE,62,60,52,49,56,38,74,77,75,67,64,0,assumed,v1,2026-03-17T01:02:07
BM_FG_HR_ORG_RL_IC_JR_EDUCATION,FG_HR_ORG,RL_IC_JR,EDUCATION,60,61,52,52,56,38,74,75,76,67,67,0,assumed,v1,2026-03-17T01:02:07
BM_FG_HR_ORG_RL_IC_JR_RETAIL_TRADE,FG_HR_ORG,RL_IC_JR,RETAIL_TRADE,57,60,55,52,56,38,74,72,75,70,67,0,assumed,v1,2026-03-17T01:02:07
BM_FG_HR_ORG_RL_IC_MID_ALL,FG_HR_ORG,RL_IC_MID,ALL,65,66,60,60,63,45,81,80,81,75,75,0,assumed,v1,2026-03-17T01:02:07
BM_FG_HR_ORG_RL_IC_MID_IT_TECH,FG_HR_ORG,RL_IC_MID,IT_TECH,68,66,60,65,65,47,83,83,81,75,80,0,assumed,v1,2026-03-17T01:02:07
BM_FG_HR_ORG_RL_IC_MID_FINANCE,FG_HR_ORG,RL_IC_MID,FINANCE,69,66,65,60,65,47,83,84,81,80,75,0,assumed,v1,2026-03-17T01:02:07
BM_FG_HR_ORG_RL_IC_MID_MANUFACTURING,FG_HR_ORG,RL_IC_MID,MANUFACTURING,67,66,63,58,64,46,82,82,81,78,73,0,assumed,v1,2026-03-17T01:02:07
BM_FG_HR_ORG_RL_IC_MID_HEALTHCARE,FG_HR_ORG,RL_IC_MID,HEALTHCARE,70,68,60,57,64,46,82,85,83,75,72,0,assumed,v1,2026-03-17T01:02:07
BM_FG_HR_ORG_RL_IC_MID_EDUCATION,FG_HR_ORG,RL_IC_MID,EDUCATION,68,69,60,60,64,46,82,83,84,75,75,0,assumed,v1,2026-03-17T01:02:07
BM_FG_HR_ORG_RL_IC_MID_RETAIL_TRADE,FG_HR_ORG,RL_IC_MID,RETAIL_TRADE,65,68,63,60,64,46,82,80,83,78,75,0,assumed,v1,2026-03-17T01:02:07
BM_FG_HR_ORG_RL_IC_SR_ALL,FG_HR_ORG,RL_IC_SR,ALL,71,72,66,66,69,51,87,86,87,81,81,0,assumed,v1,2026-03-17T01:02:07
BM_FG_HR_ORG_RL_IC_SR_IT_TECH,FG_HR_ORG,RL_IC_SR,IT_TECH,74,72,66,71,71,53,89,89,87,81,86,0,assumed,v1,2026-03-17T01:02:07
BM_FG_HR_ORG_RL_IC_SR_FINANCE,FG_HR_ORG,RL_IC_SR,FINANCE,75,72,71,66,71,53,89,90,87,86,81,0,assumed,v1,2026-03-17T01:02:07
BM_FG_HR_ORG_RL_IC_SR_MANUFACTURING,FG_HR_ORG,RL_IC_SR,MANUFACTURING,73,72,69,64,70,52,88,88,87,84,79,0,assumed,v1,2026-03-17T01:02:07
BM_FG_HR_ORG_RL_IC_SR_HEALTHCARE,FG_HR_ORG,RL_IC_SR,HEALTHCARE,76,74,66,63,70,52,88,91,89,81,78,0,assumed,v1,2026-03-17T01:02:07
BM_FG_HR_ORG_RL_IC_SR_EDUCATION,FG_HR_ORG,RL_IC_SR,EDUCATION,74,75,66,66,70,52,88,89,90,81,81,0,assumed,v1,2026-03-17T01:02:07
BM_FG_HR_ORG_RL_IC_SR_RETAIL_TRADE,FG_HR_ORG,RL_IC_SR,RETAIL_TRADE,71,74,69,66,70,52,88,86,89,84,81,0,assumed,v1,2026-03-17T01:02:07
BM_FG_HR_ORG_RL_LEAD_ALL,FG_HR_ORG,RL_LEAD,ALL,75,76,70,70,73,55,91,90,91,85,85,0,assumed,v1,2026-03-17T01:02:07
BM_FG_HR_ORG_RL_LEAD_IT_TECH,FG_HR_ORG,RL_LEAD,IT_TECH,78,76,70,75,75,57,93,93,91,85,90,0,assumed,v1,2026-03-17T01:02:07
BM_FG_HR_ORG_RL_LEAD_FINANCE,FG_HR_ORG,RL_LEAD,FINANCE,79,76,75,70,75,57,93,94,91,90,85,0,assumed,v1,2026-03-17T01:02:07
BM_FG_HR_ORG_RL_LEAD_MANUFACTURING,FG_HR_ORG,RL_LEAD,MANUFACTURING,77,76,73,68,74,56,92,92,91,88,83,0,assumed,v1,2026-03-17T01:02:07
BM_FG_HR_ORG_RL_LEAD_HEALTHCARE,FG_HR_ORG,RL_LEAD,HEALTHCARE,80,78,70,67,74,56,92,95,93,85,82,0,assumed,v1,2026-03-17T01:02:07
BM_FG_HR_ORG_RL_LEAD_EDUCATION,FG_HR_ORG,RL_LEAD,EDUCATION,78,79,70,70,74,56,92,93,94,85,85,0,assumed,v1,2026-03-17T01:02:07
BM_FG_HR_ORG_RL_LEAD_RETAIL_TRADE,FG_HR_ORG,RL_LEAD,RETAIL_TRADE,75,78,73,70,74,56,92,90,93,88,85,0,assumed,v1,2026-03-17T01:02:07
BM_FG_HR_ORG_RL_MGR_ALL,FG_HR_ORG,RL_MGR,ALL,77,78,72,72,75,57,93,92,93,87,87,0,assumed,v1,2026-03-17T01:02:07
BM_FG_HR_ORG_RL_MGR_IT_TECH,FG_HR_ORG,RL_MGR,IT_TECH,80,78,72,77,77,59,95,95,93,87,92,0,assumed,v1,2026-03-17T01:02:07
BM_FG_HR_ORG_RL_MGR_FINANCE,FG_HR_ORG,RL_MGR,FINANCE,81,78,77,72,77,59,95,96,93,92,87,0,assumed,v1,2026-03-17T01:02:07
BM_FG_HR_ORG_RL_MGR_MANUFACTURING,FG_HR_ORG,RL_MGR,MANUFACTURING,79,78,75,70,76,58,94,94,93,90,85,0,assumed,v1,2026-03-17T01:02:07
BM_FG_HR_ORG_RL_MGR_HEALTHCARE,FG_HR_ORG,RL_MGR,HEALTHCARE,82,80,72,69,76,58,94,97,95,87,84,0,assumed,v1,2026-03-17T01:02:07
BM_FG_HR_ORG_RL_MGR_EDUCATION,FG_HR_ORG,RL_MGR,EDUCATION,80,81,72,72,76,58,94,95,96,87,87,0,assumed,v1,2026-03-17T01:02:07
BM_FG_HR_ORG_RL_MGR_RETAIL_TRADE,FG_HR_ORG,RL_MGR,RETAIL_TRADE,77,80,75,72,76,58,94,92,95,90,87,0,assumed,v1,2026-03-17T01:02:07
BM_FG_FINANCE_GEN_RL_IC_JR_ALL,FG_FINANCE_GEN,RL_IC_JR,ALL,62,52,64,50,57,39,75,77,67,79,65,0,assumed,v1,2026-03-17T01:02:07
BM_FG_FINANCE_GEN_RL_IC_JR_IT_TECH,FG_FINANCE_GEN,RL_IC_JR,IT_TECH,65,52,64,55,59,41,77,80,67,79,70,0,assumed,v1,2026-03-17T01:02:07
BM_FG_FINANCE_GEN_RL_IC_JR_FINANCE,FG_FINANCE_GEN,RL_IC_JR,FINANCE,66,52,69,50,59,41,77,81,67,84,65,0,assumed,v1,2026-03-17T01:02:07
BM_FG_FINANCE_GEN_RL_IC_JR_MANUFACTURING,FG_FINANCE_GEN,RL_IC_JR,MANUFACTURING,64,52,67,48,58,40,76,79,67,82,63,0,assumed,v1,2026-03-17T01:02:07
BM_FG_FINANCE_GEN_RL_IC_JR_HEALTHCARE,FG_FINANCE_GEN,RL_IC_JR,HEALTHCARE,67,54,64,47,58,40,76,82,69,79,62,0,assumed,v1,2026-03-17T01:02:07
BM_FG_FINANCE_GEN_RL_IC_JR_EDUCATION,FG_FINANCE_GEN,RL_IC_JR,EDUCATION,65,55,64,50,58,40,76,80,70,79,65,0,assumed,v1,2026-03-17T01:02:07
BM_FG_FINANCE_GEN_RL_IC_JR_RETAIL_TRADE,FG_FINANCE_GEN,RL_IC_JR,RETAIL_TRADE,62,54,67,50,58,40,76,77,69,82,65,0,assumed,v1,2026-03-17T01:02:07
BM_FG_FINANCE_GEN_RL_IC_MID_ALL,FG_FINANCE_GEN,RL_IC_MID,ALL,70,60,72,58,65,47,83,85,75,87,73,0,assumed,v1,2026-03-17T01:02:07
BM_FG_FINANCE_GEN_RL_IC_MID_IT_TECH,FG_FINANCE_GEN,RL_IC_MID,IT_TECH,73,60,72,63,67,49,85,88,75,87,78,0,assumed,v1,2026-03-17T01:02:07
BM_FG_FINANCE_GEN_RL_IC_MID_FINANCE,FG_FINANCE_GEN,RL_IC_MID,FINANCE,74,60,77,58,67,49,85,89,75,92,73,0,assumed,v1,2026-03-17T01:02:07
BM_FG_FINANCE_GEN_RL_IC_MID_MANUFACTURING,FG_FINANCE_GEN,RL_IC_MID,MANUFACTURING,72,60,75,56,66,48,84,87,75,90,71,0,assumed,v1,2026-03-17T01:02:07
BM_FG_FINANCE_GEN_RL_IC_MID_HEALTHCARE,FG_FINANCE_GEN,RL_IC_MID,HEALTHCARE,75,62,72,55,66,48,84,90,77,87,70,0,assumed,v1,2026-03-17T01:02:07
BM_FG_FINANCE_GEN_RL_IC_MID_EDUCATION,FG_FINANCE_GEN,RL_IC_MID,EDUCATION,73,63,72,58,66,48,84,88,78,87,73,0,assumed,v1,2026-03-17T01:02:07
BM_FG_FINANCE_GEN_RL_IC_MID_RETAIL_TRADE,FG_FINANCE_GEN,RL_IC_MID,RETAIL_TRADE,70,62,75,58,66,48,84,85,77,90,73,0,assumed,v1,2026-03-17T01:02:07
BM_FG_FINANCE_GEN_RL_IC_SR_ALL,FG_FINANCE_GEN,RL_IC_SR,ALL,76,66,78,64,71,53,89,91,81,93,79,0,assumed,v1,2026-03-17T01:02:07
BM_FG_FINANCE_GEN_RL_IC_SR_IT_TECH,FG_FINANCE_GEN,RL_IC_SR,IT_TECH,79,66,78,69,73,55,91,94,81,93,84,0,assumed,v1,2026-03-17T01:02:07
BM_FG_FINANCE_GEN_RL_IC_SR_FINANCE,FG_FINANCE_GEN,RL_IC_SR,FINANCE,80,66,83,64,73,55,91,95,81,98,79,0,assumed,v1,2026-03-17T01:02:07
BM_FG_FINANCE_GEN_RL_IC_SR_MANUFACTURING,FG_FINANCE_GEN,RL_IC_SR,MANUFACTURING,78,66,81,62,72,54,90,93,81,96,77,0,assumed,v1,2026-03-17T01:02:07
BM_FG_FINANCE_GEN_RL_IC_SR_HEALTHCARE,FG_FINANCE_GEN,RL_IC_SR,HEALTHCARE,81,68,78,61,72,54,90,96,83,93,76,0,assumed,v1,2026-03-17T01:02:07
BM_FG_FINANCE_GEN_RL_IC_SR_EDUCATION,FG_FINANCE_GEN,RL_IC_SR,EDUCATION,79,69,78,64,72,54,90,94,84,93,79,0,assumed,v1,2026-03-17T01:02:07
BM_FG_FINANCE_GEN_RL_IC_SR_RETAIL_TRADE,FG_FINANCE_GEN,RL_IC_SR,RETAIL_TRADE,76,68,81,64,72,54,90,91,83,96,79,0,assumed,v1,2026-03-17T01:02:07
BM_FG_FINANCE_GEN_RL_LEAD_ALL,FG_FINANCE_GEN,RL_LEAD,ALL,80,70,82,68,75,57,93,95,85,97,83,0,assumed,v1,2026-03-17T01:02:07
BM_FG_FINANCE_GEN_RL_LEAD_IT_TECH,FG_FINANCE_GEN,RL_LEAD,IT_TECH,83,70,82,73,77,59,95,98,85,97,88,0,assumed,v1,2026-03-17T01:02:07
BM_FG_FINANCE_GEN_RL_LEAD_FINANCE,FG_FINANCE_GEN,RL_LEAD,FINANCE,84,70,87,68,77,59,95,99,85,102,83,0,assumed,v1,2026-03-17T01:02:07
BM_FG_FINANCE_GEN_RL_LEAD_MANUFACTURING,FG_FINANCE_GEN,RL_LEAD,MANUFACTURING,82,70,85,66,76,58,94,97,85,100,81,0,assumed,v1,2026-03-17T01:02:07
BM_FG_FINANCE_GEN_RL_LEAD_HEALTHCARE,FG_FINANCE_GEN,RL_LEAD,HEALTHCARE,85,72,82,65,76,58,94,100,87,97,80,0,assumed,v1,2026-03-17T01:02:07
BM_FG_FINANCE_GEN_RL_LEAD_EDUCATION,FG_FINANCE_GEN,RL_LEAD,EDUCATION,83,73,82,68,76,58,94,98,88,97,83,0,assumed,v1,2026-03-17T01:02:07
BM_FG_FINANCE_GEN_RL_LEAD_RETAIL_TRADE,FG_FINANCE_GEN,RL_LEAD,RETAIL_TRADE,80,72,85,68,76,58,94,95,87,100,83,0,assumed,v1,2026-03-17T01:02:07
BM_FG_FINANCE_GEN_RL_MGR_ALL,FG_FINANCE_GEN,RL_MGR,ALL,82,72,84,70,77,59,95,97,87,99,85,0,assumed,v1,2026-03-17T01:02:07
BM_FG_FINANCE_GEN_RL_MGR_IT_TECH,FG_FINANCE_GEN,RL_MGR,IT_TECH,85,72,84,75,79,61,97,100,87,99,90,0,assumed,v1,2026-03-17T01:02:07
BM_FG_FINANCE_GEN_RL_MGR_FINANCE,FG_FINANCE_GEN,RL_MGR,FINANCE,86,72,89,70,79,61,97,101,87,104,85,0,assumed,v1,2026-03-17T01:02:07
BM_FG_FINANCE_GEN_RL_MGR_MANUFACTURING,FG_FINANCE_GEN,RL_MGR,MANUFACTURING,84,72,87,68,78,60,96,99,87,102,83,0,assumed,v1,2026-03-17T01:02:07
BM_FG_FINANCE_GEN_RL_MGR_HEALTHCARE,FG_FINANCE_GEN,RL_MGR,HEALTHCARE,87,74,84,67,78,60,96,102,89,99,82,0,assumed,v1,2026-03-17T01:02:07
BM_FG_FINANCE_GEN_RL_MGR_EDUCATION,FG_FINANCE_GEN,RL_MGR,EDUCATION,85,75,84,70,78,60,96,100,90,99,85,0,assumed,v1,2026-03-17T01:02:07
BM_FG_FINANCE_GEN_RL_MGR_RETAIL_TRADE,FG_FINANCE_GEN,RL_MGR,RETAIL_TRADE,82,74,87,70,78,60,96,97,89,102,85,0,assumed,v1,2026-03-17T01:02:07
BM_FG_FINANCE_FIN_RL_IC_JR_ALL,FG_FINANCE_FIN,RL_IC_JR,ALL,64,54,66,52,59,41,77,79,69,81,67,0,assumed,v1,2026-03-17T01:02:07
BM_FG_FINANCE_FIN_RL_IC_JR_IT_TECH,FG_FINANCE_FIN,RL_IC_JR,IT_TECH,67,54,66,57,61,43,79,82,69,81,72,0,assumed,v1,2026-03-17T01:02:07
BM_FG_FINANCE_FIN_RL_IC_JR_FINANCE,FG_FINANCE_FIN,RL_IC_JR,FINANCE,68,54,71,52,61,43,79,83,69,86,67,0,assumed,v1,2026-03-17T01:02:07
BM_FG_FINANCE_FIN_RL_IC_JR_MANUFACTURING,FG_FINANCE_FIN,RL_IC_JR,MANUFACTURING,66,54,69,50,60,42,78,81,69,84,65,0,assumed,v1,2026-03-17T01:02:07
BM_FG_FINANCE_FIN_RL_IC_JR_HEALTHCARE,FG_FINANCE_FIN,RL_IC_JR,HEALTHCARE,69,56,66,49,60,42,78,84,71,81,64,0,assumed,v1,2026-03-17T01:02:07
BM_FG_FINANCE_FIN_RL_IC_JR_EDUCATION,FG_FINANCE_FIN,RL_IC_JR,EDUCATION,67,57,66,52,60,42,78,82,72,81,67,0,assumed,v1,2026-03-17T01:02:07
BM_FG_FINANCE_FIN_RL_IC_JR_RETAIL_TRADE,FG_FINANCE_FIN,RL_IC_JR,RETAIL_TRADE,64,56,69,52,60,42,78,79,71,84,67,0,assumed,v1,2026-03-17T01:02:07
BM_FG_FINANCE_FIN_RL_IC_MID_ALL,FG_FINANCE_FIN,RL_IC_MID,ALL,72,62,74,60,67,49,85,87,77,89,75,0,assumed,v1,2026-03-17T01:02:07
BM_FG_FINANCE_FIN_RL_IC_MID_IT_TECH,FG_FINANCE_FIN,RL_IC_MID,IT_TECH,75,62,74,65,69,51,87,90,77,89,80,0,assumed,v1,2026-03-17T01:02:07
BM_FG_FINANCE_FIN_RL_IC_MID_FINANCE,FG_FINANCE_FIN,RL_IC_MID,FINANCE,76,62,79,60,69,51,87,91,77,94,75,0,assumed,v1,2026-03-17T01:02:07
BM_FG_FINANCE_FIN_RL_IC_MID_MANUFACTURING,FG_FINANCE_FIN,RL_IC_MID,MANUFACTURING,74,62,77,58,68,50,86,89,77,92,73,0,assumed,v1,2026-03-17T01:02:07
BM_FG_FINANCE_FIN_RL_IC_MID_HEALTHCARE,FG_FINANCE_FIN,RL_IC_MID,HEALTHCARE,77,64,74,57,68,50,86,92,79,89,72,0,assumed,v1,2026-03-17T01:02:07
BM_FG_FINANCE_FIN_RL_IC_MID_EDUCATION,FG_FINANCE_FIN,RL_IC_MID,EDUCATION,75,65,74,60,68,50,86,90,80,89,75,0,assumed,v1,2026-03-17T01:02:07
BM_FG_FINANCE_FIN_RL_IC_MID_RETAIL_TRADE,FG_FINANCE_FIN,RL_IC_MID,RETAIL_TRADE,72,64,77,60,68,50,86,87,79,92,75,0,assumed,v1,2026-03-17T01:02:07
BM_FG_FINANCE_FIN_RL_IC_SR_ALL,FG_FINANCE_FIN,RL_IC_SR,ALL,78,68,80,66,73,55,91,93,83,95,81,0,assumed,v1,2026-03-17T01:02:07
BM_FG_FINANCE_FIN_RL_IC_SR_IT_TECH,FG_FINANCE_FIN,RL_IC_SR,IT_TECH,81,68,80,71,75,57,93,96,83,95,86,0,assumed,v1,2026-03-17T01:02:07
BM_FG_FINANCE_FIN_RL_IC_SR_FINANCE,FG_FINANCE_FIN,RL_IC_SR,FINANCE,82,68,85,66,75,57,93,97,83,100,81,0,assumed,v1,2026-03-17T01:02:07
BM_FG_FINANCE_FIN_RL_IC_SR_MANUFACTURING,FG_FINANCE_FIN,RL_IC_SR,MANUFACTURING,80,68,83,64,74,56,92,95,83,98,79,0,assumed,v1,2026-03-17T01:02:07
BM_FG_FINANCE_FIN_RL_IC_SR_HEALTHCARE,FG_FINANCE_FIN,RL_IC_SR,HEALTHCARE,83,70,80,63,74,56,92,98,85,95,78,0,assumed,v1,2026-03-17T01:02:07
BM_FG_FINANCE_FIN_RL_IC_SR_EDUCATION,FG_FINANCE_FIN,RL_IC_SR,EDUCATION,81,71,80,66,74,56,92,96,86,95,81,0,assumed,v1,2026-03-17T01:02:07
BM_FG_FINANCE_FIN_RL_IC_SR_RETAIL_TRADE,FG_FINANCE_FIN,RL_IC_SR,RETAIL_TRADE,78,70,83,66,74,56,92,93,85,98,81,0,assumed,v1,2026-03-17T01:02:07
BM_FG_FINANCE_FIN_RL_LEAD_ALL,FG_FINANCE_FIN,RL_LEAD,ALL,82,72,84,70,77,59,95,97,87,99,85,0,assumed,v1,2026-03-17T01:02:07
BM_FG_FINANCE_FIN_RL_LEAD_IT_TECH,FG_FINANCE_FIN,RL_LEAD,IT_TECH,85,72,84,75,79,61,97,100,87,99,90,0,assumed,v1,2026-03-17T01:02:07
BM_FG_FINANCE_FIN_RL_LEAD_FINANCE,FG_FINANCE_FIN,RL_LEAD,FINANCE,86,72,89,70,79,61,97,101,87,104,85,0,assumed,v1,2026-03-17T01:02:07
BM_FG_FINANCE_FIN_RL_LEAD_MANUFACTURING,FG_FINANCE_FIN,RL_LEAD,MANUFACTURING,84,72,87,68,78,60,96,99,87,102,83,0,assumed,v1,2026-03-17T01:02:07
BM_FG_FINANCE_FIN_RL_LEAD_HEALTHCARE,FG_FINANCE_FIN,RL_LEAD,HEALTHCARE,87,74,84,67,78,60,96,102,89,99,82,0,assumed,v1,2026-03-17T01:02:07
BM_FG_FINANCE_FIN_RL_LEAD_EDUCATION,FG_FINANCE_FIN,RL_LEAD,EDUCATION,85,75,84,70,78,60,96,100,90,99,85,0,assumed,v1,2026-03-17T01:02:07
BM_FG_FINANCE_FIN_RL_LEAD_RETAIL_TRADE,FG_FINANCE_FIN,RL_LEAD,RETAIL_TRADE,82,74,87,70,78,60,96,97,89,102,85,0,assumed,v1,2026-03-17T01:02:07
BM_FG_FINANCE_FIN_RL_MGR_ALL,FG_FINANCE_FIN,RL_MGR,ALL,84,74,86,72,79,61,97,99,89,101,87,0,assumed,v1,2026-03-17T01:02:07
BM_FG_FINANCE_FIN_RL_MGR_IT_TECH,FG_FINANCE_FIN,RL_MGR,IT_TECH,87,74,86,77,81,63,99,102,89,101,92,0,assumed,v1,2026-03-17T01:02:07
BM_FG_FINANCE_FIN_RL_MGR_FINANCE,FG_FINANCE_FIN,RL_MGR,FINANCE,88,74,91,72,81,63,99,103,89,106,87,0,assumed,v1,2026-03-17T01:02:07
BM_FG_FINANCE_FIN_RL_MGR_MANUFACTURING,FG_FINANCE_FIN,RL_MGR,MANUFACTURING,86,74,89,70,80,62,98,101,89,104,85,0,assumed,v1,2026-03-17T01:02:07
BM_FG_FINANCE_FIN_RL_MGR_HEALTHCARE,FG_FINANCE_FIN,RL_MGR,HEALTHCARE,89,76,86,69,80,62,98,104,91,101,84,0,assumed,v1,2026-03-17T01:02:07
BM_FG_FINANCE_FIN_RL_MGR_EDUCATION,FG_FINANCE_FIN,RL_MGR,EDUCATION,87,77,86,72,80,62,98,102,92,101,87,0,assumed,v1,2026-03-17T01:02:07
BM_FG_FINANCE_FIN_RL_MGR_RETAIL_TRADE,FG_FINANCE_FIN,RL_MGR,RETAIL_TRADE,84,76,89,72,80,62,98,99,91,104,87,0,assumed,v1,2026-03-17T01:02:07
BM_FG_ADMIN_LEGAL_RL_IC_JR_ALL,FG_ADMIN_LEGAL,RL_IC_JR,ALL,60,54,50,47,53,35,71,75,69,65,62,0,assumed,v1,2026-03-17T01:02:07
BM_FG_ADMIN_LEGAL_RL_IC_JR_IT_TECH,FG_ADMIN_LEGAL,RL_IC_JR,IT_TECH,63,54,50,52,55,37,73,78,69,65,67,0,assumed,v1,2026-03-17T01:02:07
BM_FG_ADMIN_LEGAL_RL_IC_JR_FINANCE,FG_ADMIN_LEGAL,RL_IC_JR,FINANCE,64,54,55,47,55,37,73,79,69,70,62,0,assumed,v1,2026-03-17T01:02:07
BM_FG_ADMIN_LEGAL_RL_IC_JR_MANUFACTURING,FG_ADMIN_LEGAL,RL_IC_JR,MANUFACTURING,62,54,53,45,54,36,72,77,69,68,60,0,assumed,v1,2026-03-17T01:02:07
BM_FG_ADMIN_LEGAL_RL_IC_JR_HEALTHCARE,FG_ADMIN_LEGAL,RL_IC_JR,HEALTHCARE,65,56,50,44,54,36,72,80,71,65,59,0,assumed,v1,2026-03-17T01:02:07
BM_FG_ADMIN_LEGAL_RL_IC_JR_EDUCATION,FG_ADMIN_LEGAL,RL_IC_JR,EDUCATION,63,57,50,47,54,36,72,78,72,65,62,0,assumed,v1,2026-03-17T01:02:07
BM_FG_ADMIN_LEGAL_RL_IC_JR_RETAIL_TRADE,FG_ADMIN_LEGAL,RL_IC_JR,RETAIL_TRADE,60,56,53,47,54,36,72,75,71,68,62,0,assumed,v1,2026-03-17T01:02:07
BM_FG_ADMIN_LEGAL_RL_IC_MID_ALL,FG_ADMIN_LEGAL,RL_IC_MID,ALL,68,62,58,55,61,43,79,83,77,73,70,0,assumed,v1,2026-03-17T01:02:07
BM_FG_ADMIN_LEGAL_RL_IC_MID_IT_TECH,FG_ADMIN_LEGAL,RL_IC_MID,IT_TECH,71,62,58,60,63,45,81,86,77,73,75,0,assumed,v1,2026-03-17T01:02:07
BM_FG_ADMIN_LEGAL_RL_IC_MID_FINANCE,FG_ADMIN_LEGAL,RL_IC_MID,FINANCE,72,62,63,55,63,45,81,87,77,78,70,0,assumed,v1,2026-03-17T01:02:07
BM_FG_ADMIN_LEGAL_RL_IC_MID_MANUFACTURING,FG_ADMIN_LEGAL,RL_IC_MID,MANUFACTURING,70,62,61,53,62,44,80,85,77,76,68,0,assumed,v1,2026-03-17T01:02:07
BM_FG_ADMIN_LEGAL_RL_IC_MID_HEALTHCARE,FG_ADMIN_LEGAL,RL_IC_MID,HEALTHCARE,73,64,58,52,62,44,80,88,79,73,67,0,assumed,v1,2026-03-17T01:02:07
BM_FG_ADMIN_LEGAL_RL_IC_MID_EDUCATION,FG_ADMIN_LEGAL,RL_IC_MID,EDUCATION,71,65,58,55,62,44,80,86,80,73,70,0,assumed,v1,2026-03-17T01:02:07
BM_FG_ADMIN_LEGAL_RL_IC_MID_RETAIL_TRADE,FG_ADMIN_LEGAL,RL_IC_MID,RETAIL_TRADE,68,64,61,55,62,44,80,83,79,76,70,0,assumed,v1,2026-03-17T01:02:07
BM_FG_ADMIN_LEGAL_RL_IC_SR_ALL,FG_ADMIN_LEGAL,RL_IC_SR,ALL,74,68,64,61,67,49,85,89,83,79,76,0,assumed,v1,2026-03-17T01:02:07
BM_FG_ADMIN_LEGAL_RL_IC_SR_IT_TECH,FG_ADMIN_LEGAL,RL_IC_SR,IT_TECH,77,68,64,66,69,51,87,92,83,79,81,0,assumed,v1,2026-03-17T01:02:07
BM_FG_ADMIN_LEGAL_RL_IC_SR_FINANCE,FG_ADMIN_LEGAL,RL_IC_SR,FINANCE,78,68,69,61,69,51,87,93,83,84,76,0,assumed,v1,2026-03-17T01:02:07
BM_FG_ADMIN_LEGAL_RL_IC_SR_MANUFACTURING,FG_ADMIN_LEGAL,RL_IC_SR,MANUFACTURING,76,68,67,59,68,50,86,91,83,82,74,0,assumed,v1,2026-03-17T01:02:07
BM_FG_ADMIN_LEGAL_RL_IC_SR_HEALTHCARE,FG_ADMIN_LEGAL,RL_IC_SR,HEALTHCARE,79,70,64,58,68,50,86,94,85,79,73,0,assumed,v1,2026-03-17T01:02:07
BM_FG_ADMIN_LEGAL_RL_IC_SR_EDUCATION,FG_ADMIN_LEGAL,RL_IC_SR,EDUCATION,77,71,64,61,68,50,86,92,86,79,76,0,assumed,v1,2026-03-17T01:02:07
BM_FG_ADMIN_LEGAL_RL_IC_SR_RETAIL_TRADE,FG_ADMIN_LEGAL,RL_IC_SR,RETAIL_TRADE,74,70,67,61,68,50,86,89,85,82,76,0,assumed,v1,2026-03-17T01:02:07
BM_FG_ADMIN_LEGAL_RL_LEAD_ALL,FG_ADMIN_LEGAL,RL_LEAD,ALL,78,72,68,65,71,53,89,93,87,83,80,0,assumed,v1,2026-03-17T01:02:07
BM_FG_ADMIN_LEGAL_RL_LEAD_IT_TECH,FG_ADMIN_LEGAL,RL_LEAD,IT_TECH,81,72,68,70,73,55,91,96,87,83,85,0,assumed,v1,2026-03-17T01:02:07
BM_FG_ADMIN_LEGAL_RL_LEAD_FINANCE,FG_ADMIN_LEGAL,RL_LEAD,FINANCE,82,72,73,65,73,55,91,97,87,88,80,0,assumed,v1,2026-03-17T01:02:07
BM_FG_ADMIN_LEGAL_RL_LEAD_MANUFACTURING,FG_ADMIN_LEGAL,RL_LEAD,MANUFACTURING,80,72,71,63,72,54,90,95,87,86,78,0,assumed,v1,2026-03-17T01:02:07
BM_FG_ADMIN_LEGAL_RL_LEAD_HEALTHCARE,FG_ADMIN_LEGAL,RL_LEAD,HEALTHCARE,83,74,68,62,72,54,90,98,89,83,77,0,assumed,v1,2026-03-17T01:02:07
BM_FG_ADMIN_LEGAL_RL_LEAD_EDUCATION,FG_ADMIN_LEGAL,RL_LEAD,EDUCATION,81,75,68,65,72,54,90,96,90,83,80,0,assumed,v1,2026-03-17T01:02:07
BM_FG_ADMIN_LEGAL_RL_LEAD_RETAIL_TRADE,FG_ADMIN_LEGAL,RL_LEAD,RETAIL_TRADE,78,74,71,65,72,54,90,93,89,86,80,0,assumed,v1,2026-03-17T01:02:07
BM_FG_ADMIN_LEGAL_RL_MGR_ALL,FG_ADMIN_LEGAL,RL_MGR,ALL,80,74,70,67,73,55,91,95,89,85,82,0,assumed,v1,2026-03-17T01:02:07
BM_FG_ADMIN_LEGAL_RL_MGR_IT_TECH,FG_ADMIN_LEGAL,RL_MGR,IT_TECH,83,74,70,72,75,57,93,98,89,85,87,0,assumed,v1,2026-03-17T01:02:07
BM_FG_ADMIN_LEGAL_RL_MGR_FINANCE,FG_ADMIN_LEGAL,RL_MGR,FINANCE,84,74,75,67,75,57,93,99,89,90,82,0,assumed,v1,2026-03-17T01:02:07
BM_FG_ADMIN_LEGAL_RL_MGR_MANUFACTURING,FG_ADMIN_LEGAL,RL_MGR,MANUFACTURING,82,74,73,65,74,56,92,97,89,88,80,0,assumed,v1,2026-03-17T01:02:07
BM_FG_ADMIN_LEGAL_RL_MGR_HEALTHCARE,FG_ADMIN_LEGAL,RL_MGR,HEALTHCARE,85,76,70,64,74,56,92,100,91,85,79,0,assumed,v1,2026-03-17T01:02:07
BM_FG_ADMIN_LEGAL_RL_MGR_EDUCATION,FG_ADMIN_LEGAL,RL_MGR,EDUCATION,83,77,70,67,74,56,92,98,92,85,82,0,assumed,v1,2026-03-17T01:02:07
BM_FG_ADMIN_LEGAL_RL_MGR_RETAIL_TRADE,FG_ADMIN_LEGAL,RL_MGR,RETAIL_TRADE,80,76,73,67,74,56,92,95,91,88,82,0,assumed,v1,2026-03-17T01:02:07
BM_FG_DESIGN_RL_IC_JR_ALL,FG_DESIGN,RL_IC_JR,ALL,52,55,50,57,54,36,72,67,70,65,72,0,assumed,v1,2026-03-17T01:02:07
BM_FG_DESIGN_RL_IC_JR_IT_TECH,FG_DESIGN,RL_IC_JR,IT_TECH,55,55,50,62,56,38,74,70,70,65,77,0,assumed,v1,2026-03-17T01:02:07
BM_FG_DESIGN_RL_IC_JR_FINANCE,FG_DESIGN,RL_IC_JR,FINANCE,56,55,55,57,56,38,74,71,70,70,72,0,assumed,v1,2026-03-17T01:02:07
BM_FG_DESIGN_RL_IC_JR_MANUFACTURING,FG_DESIGN,RL_IC_JR,MANUFACTURING,54,55,53,55,54,36,72,69,70,68,70,0,assumed,v1,2026-03-17T01:02:07
BM_FG_DESIGN_RL_IC_JR_HEALTHCARE,FG_DESIGN,RL_IC_JR,HEALTHCARE,57,57,50,54,54,36,72,72,72,65,69,0,assumed,v1,2026-03-17T01:02:07
BM_FG_DESIGN_RL_IC_JR_EDUCATION,FG_DESIGN,RL_IC_JR,EDUCATION,55,58,50,57,55,37,73,70,73,65,72,0,assumed,v1,2026-03-17T01:02:07
BM_FG_DESIGN_RL_IC_JR_RETAIL_TRADE,FG_DESIGN,RL_IC_JR,RETAIL_TRADE,52,57,53,57,55,37,73,67,72,68,72,0,assumed,v1,2026-03-17T01:02:07
BM_FG_DESIGN_RL_IC_MID_ALL,FG_DESIGN,RL_IC_MID,ALL,60,63,58,65,62,44,80,75,78,73,80,0,assumed,v1,2026-03-17T01:02:07
BM_FG_DESIGN_RL_IC_MID_IT_TECH,FG_DESIGN,RL_IC_MID,IT_TECH,63,63,58,70,64,46,82,78,78,73,85,0,assumed,v1,2026-03-17T01:02:07
BM_FG_DESIGN_RL_IC_MID_FINANCE,FG_DESIGN,RL_IC_MID,FINANCE,64,63,63,65,64,46,82,79,78,78,80,0,assumed,v1,2026-03-17T01:02:07
BM_FG_DESIGN_RL_IC_MID_MANUFACTURING,FG_DESIGN,RL_IC_MID,MANUFACTURING,62,63,61,63,62,44,80,77,78,76,78,0,assumed,v1,2026-03-17T01:02:07
BM_FG_DESIGN_RL_IC_MID_HEALTHCARE,FG_DESIGN,RL_IC_MID,HEALTHCARE,65,65,58,62,62,44,80,80,80,73,77,0,assumed,v1,2026-03-17T01:02:07
BM_FG_DESIGN_RL_IC_MID_EDUCATION,FG_DESIGN,RL_IC_MID,EDUCATION,63,66,58,65,63,45,81,78,81,73,80,0,assumed,v1,2026-03-17T01:02:07
BM_FG_DESIGN_RL_IC_MID_RETAIL_TRADE,FG_DESIGN,RL_IC_MID,RETAIL_TRADE,60,65,61,65,63,45,81,75,80,76,80,0,assumed,v1,2026-03-17T01:02:07
BM_FG_DESIGN_RL_IC_SR_ALL,FG_DESIGN,RL_IC_SR,ALL,66,69,64,71,68,50,86,81,84,79,86,0,assumed,v1,2026-03-17T01:02:07
BM_FG_DESIGN_RL_IC_SR_IT_TECH,FG_DESIGN,RL_IC_SR,IT_TECH,69,69,64,76,70,52,88,84,84,79,91,0,assumed,v1,2026-03-17T01:02:07
BM_FG_DESIGN_RL_IC_SR_FINANCE,FG_DESIGN,RL_IC_SR,FINANCE,70,69,69,71,70,52,88,85,84,84,86,0,assumed,v1,2026-03-17T01:02:07
BM_FG_DESIGN_RL_IC_SR_MANUFACTURING,FG_DESIGN,RL_IC_SR,MANUFACTURING,68,69,67,69,68,50,86,83,84,82,84,0,assumed,v1,2026-03-17T01:02:07
BM_FG_DESIGN_RL_IC_SR_HEALTHCARE,FG_DESIGN,RL_IC_SR,HEALTHCARE,71,71,64,68,68,50,86,86,86,79,83,0,assumed,v1,2026-03-17T01:02:07
BM_FG_DESIGN_RL_IC_SR_EDUCATION,FG_DESIGN,RL_IC_SR,EDUCATION,69,72,64,71,69,51,87,84,87,79,86,0,assumed,v1,2026-03-17T01:02:07
BM_FG_DESIGN_RL_IC_SR_RETAIL_TRADE,FG_DESIGN,RL_IC_SR,RETAIL_TRADE,66,71,67,71,69,51,87,81,86,82,86,0,assumed,v1,2026-03-17T01:02:07
BM_FG_DESIGN_RL_LEAD_ALL,FG_DESIGN,RL_LEAD,ALL,70,73,68,75,72,54,90,85,88,83,90,0,assumed,v1,2026-03-17T01:02:07
BM_FG_DESIGN_RL_LEAD_IT_TECH,FG_DESIGN,RL_LEAD,IT_TECH,73,73,68,80,74,56,92,88,88,83,95,0,assumed,v1,2026-03-17T01:02:07
BM_FG_DESIGN_RL_LEAD_FINANCE,FG_DESIGN,RL_LEAD,FINANCE,74,73,73,75,74,56,92,89,88,88,90,0,assumed,v1,2026-03-17T01:02:07
BM_FG_DESIGN_RL_LEAD_MANUFACTURING,FG_DESIGN,RL_LEAD,MANUFACTURING,72,73,71,73,72,54,90,87,88,86,88,0,assumed,v1,2026-03-17T01:02:07
BM_FG_DESIGN_RL_LEAD_HEALTHCARE,FG_DESIGN,RL_LEAD,HEALTHCARE,75,75,68,72,72,54,90,90,90,83,87,0,assumed,v1,2026-03-17T01:02:07
BM_FG_DESIGN_RL_LEAD_EDUCATION,FG_DESIGN,RL_LEAD,EDUCATION,73,76,68,75,73,55,91,88,91,83,90,0,assumed,v1,2026-03-17T01:02:07
BM_FG_DESIGN_RL_LEAD_RETAIL_TRADE,FG_DESIGN,RL_LEAD,RETAIL_TRADE,70,75,71,75,73,55,91,85,90,86,90,0,assumed,v1,2026-03-17T01:02:07
BM_FG_DESIGN_RL_MGR_ALL,FG_DESIGN,RL_MGR,ALL,72,75,70,77,74,56,92,87,90,85,92,0,assumed,v1,2026-03-17T01:02:07
BM_FG_DESIGN_RL_MGR_IT_TECH,FG_DESIGN,RL_MGR,IT_TECH,75,75,70,82,76,58,94,90,90,85,97,0,assumed,v1,2026-03-17T01:02:07
BM_FG_DESIGN_RL_MGR_FINANCE,FG_DESIGN,RL_MGR,FINANCE,76,75,75,77,76,58,94,91,90,90,92,0,assumed,v1,2026-03-17T01:02:07
BM_FG_DESIGN_RL_MGR_MANUFACTURING,FG_DESIGN,RL_MGR,MANUFACTURING,74,75,73,75,74,56,92,89,90,88,90,0,assumed,v1,2026-03-17T01:02:07
BM_FG_DESIGN_RL_MGR_HEALTHCARE,FG_DESIGN,RL_MGR,HEALTHCARE,77,77,70,74,74,56,92,92,92,85,89,0,assumed,v1,2026-03-17T01:02:07
BM_FG_DESIGN_RL_MGR_EDUCATION,FG_DESIGN,RL_MGR,EDUCATION,75,78,70,77,75,57,93,90,93,85,92,0,assumed,v1,2026-03-17T01:02:07
BM_FG_DESIGN_RL_MGR_RETAIL_TRADE,FG_DESIGN,RL_MGR,RETAIL_TRADE,72,77,73,77,75,57,93,87,92,88,92,0,assumed,v1,2026-03-17T01:02:07
BM_FG_SCM_RL_IC_JR_ALL,FG_SCM,RL_IC_JR,ALL,54,52,57,52,54,36,72,69,67,72,67,0,assumed,v1,2026-03-17T01:02:07
BM_FG_SCM_RL_IC_JR_IT_TECH,FG_SCM,RL_IC_JR,IT_TECH,57,52,57,57,56,38,74,72,67,72,72,0,assumed,v1,2026-03-17T01:02:07
BM_FG_SCM_RL_IC_JR_FINANCE,FG_SCM,RL_IC_JR,FINANCE,58,52,62,52,56,38,74,73,67,77,67,0,assumed,v1,2026-03-17T01:02:07
BM_FG_SCM_RL_IC_JR_MANUFACTURING,FG_SCM,RL_IC_JR,MANUFACTURING,56,52,60,50,54,36,72,71,67,75,65,0,assumed,v1,2026-03-17T01:02:07
BM_FG_SCM_RL_IC_JR_HEALTHCARE,FG_SCM,RL_IC_JR,HEALTHCARE,59,54,57,49,55,37,73,74,69,72,64,0,assumed,v1,2026-03-17T01:02:07
BM_FG_SCM_RL_IC_JR_EDUCATION,FG_SCM,RL_IC_JR,EDUCATION,57,55,57,52,55,37,73,72,70,72,67,0,assumed,v1,2026-03-17T01:02:07
BM_FG_SCM_RL_IC_JR_RETAIL_TRADE,FG_SCM,RL_IC_JR,RETAIL_TRADE,54,54,60,52,55,37,73,69,69,75,67,0,assumed,v1,2026-03-17T01:02:07
BM_FG_SCM_RL_IC_MID_ALL,FG_SCM,RL_IC_MID,ALL,62,60,65,60,62,44,80,77,75,80,75,0,assumed,v1,2026-03-17T01:02:07
BM_FG_SCM_RL_IC_MID_IT_TECH,FG_SCM,RL_IC_MID,IT_TECH,65,60,65,65,64,46,82,80,75,80,80,0,assumed,v1,2026-03-17T01:02:07
BM_FG_SCM_RL_IC_MID_FINANCE,FG_SCM,RL_IC_MID,FINANCE,66,60,70,60,64,46,82,81,75,85,75,0,assumed,v1,2026-03-17T01:02:07
BM_FG_SCM_RL_IC_MID_MANUFACTURING,FG_SCM,RL_IC_MID,MANUFACTURING,64,60,68,58,62,44,80,79,75,83,73,0,assumed,v1,2026-03-17T01:02:07
BM_FG_SCM_RL_IC_MID_HEALTHCARE,FG_SCM,RL_IC_MID,HEALTHCARE,67,62,65,57,63,45,81,82,77,80,72,0,assumed,v1,2026-03-17T01:02:07
BM_FG_SCM_RL_IC_MID_EDUCATION,FG_SCM,RL_IC_MID,EDUCATION,65,63,65,60,63,45,81,80,78,80,75,0,assumed,v1,2026-03-17T01:02:07
BM_FG_SCM_RL_IC_MID_RETAIL_TRADE,FG_SCM,RL_IC_MID,RETAIL_TRADE,62,62,68,60,63,45,81,77,77,83,75,0,assumed,v1,2026-03-17T01:02:07
BM_FG_SCM_RL_IC_SR_ALL,FG_SCM,RL_IC_SR,ALL,68,66,71,66,68,50,86,83,81,86,81,0,assumed,v1,2026-03-17T01:02:07
BM_FG_SCM_RL_IC_SR_IT_TECH,FG_SCM,RL_IC_SR,IT_TECH,71,66,71,71,70,52,88,86,81,86,86,0,assumed,v1,2026-03-17T01:02:07
BM_FG_SCM_RL_IC_SR_FINANCE,FG_SCM,RL_IC_SR,FINANCE,72,66,76,66,70,52,88,87,81,91,81,0,assumed,v1,2026-03-17T01:02:07
BM_FG_SCM_RL_IC_SR_MANUFACTURING,FG_SCM,RL_IC_SR,MANUFACTURING,70,66,74,64,68,50,86,85,81,89,79,0,assumed,v1,2026-03-17T01:02:07
BM_FG_SCM_RL_IC_SR_HEALTHCARE,FG_SCM,RL_IC_SR,HEALTHCARE,73,68,71,63,69,51,87,88,83,86,78,0,assumed,v1,2026-03-17T01:02:07
BM_FG_SCM_RL_IC_SR_EDUCATION,FG_SCM,RL_IC_SR,EDUCATION,71,69,71,66,69,51,87,86,84,86,81,0,assumed,v1,2026-03-17T01:02:07
BM_FG_SCM_RL_IC_SR_RETAIL_TRADE,FG_SCM,RL_IC_SR,RETAIL_TRADE,68,68,74,66,69,51,87,83,83,89,81,0,assumed,v1,2026-03-17T01:02:07
BM_FG_SCM_RL_LEAD_ALL,FG_SCM,RL_LEAD,ALL,72,70,75,70,72,54,90,87,85,90,85,0,assumed,v1,2026-03-17T01:02:07
BM_FG_SCM_RL_LEAD_IT_TECH,FG_SCM,RL_LEAD,IT_TECH,75,70,75,75,74,56,92,90,85,90,90,0,assumed,v1,2026-03-17T01:02:07
BM_FG_SCM_RL_LEAD_FINANCE,FG_SCM,RL_LEAD,FINANCE,76,70,80,70,74,56,92,91,85,95,85,0,assumed,v1,2026-03-17T01:02:07
BM_FG_SCM_RL_LEAD_MANUFACTURING,FG_SCM,RL_LEAD,MANUFACTURING,74,70,78,68,72,54,90,89,85,93,83,0,assumed,v1,2026-03-17T01:02:07
BM_FG_SCM_RL_LEAD_HEALTHCARE,FG_SCM,RL_LEAD,HEALTHCARE,77,72,75,67,73,55,91,92,87,90,82,0,assumed,v1,2026-03-17T01:02:07
BM_FG_SCM_RL_LEAD_EDUCATION,FG_SCM,RL_LEAD,EDUCATION,75,73,75,70,73,55,91,90,88,90,85,0,assumed,v1,2026-03-17T01:02:07
BM_FG_SCM_RL_LEAD_RETAIL_TRADE,FG_SCM,RL_LEAD,RETAIL_TRADE,72,72,78,70,73,55,91,87,87,93,85,0,assumed,v1,2026-03-17T01:02:07
BM_FG_SCM_RL_MGR_ALL,FG_SCM,RL_MGR,ALL,74,72,77,72,74,56,92,89,87,92,87,0,assumed,v1,2026-03-17T01:02:07
BM_FG_SCM_RL_MGR_IT_TECH,FG_SCM,RL_MGR,IT_TECH,77,72,77,77,76,58,94,92,87,92,92,0,assumed,v1,2026-03-17T01:02:07
BM_FG_SCM_RL_MGR_FINANCE,FG_SCM,RL_MGR,FINANCE,78,72,82,72,76,58,94,93,87,97,87,0,assumed,v1,2026-03-17T01:02:07
BM_FG_SCM_RL_MGR_MANUFACTURING,FG_SCM,RL_MGR,MANUFACTURING,76,72,80,70,74,56,92,91,87,95,85,0,assumed,v1,2026-03-17T01:02:07
BM_FG_SCM_RL_MGR_HEALTHCARE,FG_SCM,RL_MGR,HEALTHCARE,79,74,77,69,75,57,93,94,89,92,84,0,assumed,v1,2026-03-17T01:02:07
BM_FG_SCM_RL_MGR_EDUCATION,FG_SCM,RL_MGR,EDUCATION,77,75,77,72,75,57,93,92,90,92,87,0,assumed,v1,2026-03-17T01:02:07
BM_FG_SCM_RL_MGR_RETAIL_TRADE,FG_SCM,RL_MGR,RETAIL_TRADE,74,74,80,72,75,57,93,89,89,95,87,0,assumed,v1,2026-03-17T01:02:07
BM_FG_PRODUCTION_RL_IC_JR_ALL,FG_PRODUCTION,RL_IC_JR,ALL,57,52,57,47,53,35,71,72,67,72,62,0,assumed,v1,2026-03-17T01:02:07
BM_FG_PRODUCTION_RL_IC_JR_IT_TECH,FG_PRODUCTION,RL_IC_JR,IT_TECH,60,52,57,52,55,37,73,75,67,72,67,0,assumed,v1,2026-03-17T01:02:07
BM_FG_PRODUCTION_RL_IC_JR_FINANCE,FG_PRODUCTION,RL_IC_JR,FINANCE,61,52,62,47,56,38,74,76,67,77,62,0,assumed,v1,2026-03-17T01:02:07
BM_FG_PRODUCTION_RL_IC_JR_MANUFACTURING,FG_PRODUCTION,RL_IC_JR,MANUFACTURING,59,52,60,45,54,36,72,74,67,75,60,0,assumed,v1,2026-03-17T01:02:07
BM_FG_PRODUCTION_RL_IC_JR_HEALTHCARE,FG_PRODUCTION,RL_IC_JR,HEALTHCARE,62,54,57,44,54,36,72,77,69,72,59,0,assumed,v1,2026-03-17T01:02:07
BM_FG_PRODUCTION_RL_IC_JR_EDUCATION,FG_PRODUCTION,RL_IC_JR,EDUCATION,60,55,57,47,55,37,73,75,70,72,62,0,assumed,v1,2026-03-17T01:02:07
BM_FG_PRODUCTION_RL_IC_JR_RETAIL_TRADE,FG_PRODUCTION,RL_IC_JR,RETAIL_TRADE,57,54,60,47,54,36,72,72,69,75,62,0,assumed,v1,2026-03-17T01:02:07
BM_FG_PRODUCTION_RL_IC_MID_ALL,FG_PRODUCTION,RL_IC_MID,ALL,65,60,65,55,61,43,79,80,75,80,70,0,assumed,v1,2026-03-17T01:02:07
BM_FG_PRODUCTION_RL_IC_MID_IT_TECH,FG_PRODUCTION,RL_IC_MID,IT_TECH,68,60,65,60,63,45,81,83,75,80,75,0,assumed,v1,2026-03-17T01:02:07
BM_FG_PRODUCTION_RL_IC_MID_FINANCE,FG_PRODUCTION,RL_IC_MID,FINANCE,69,60,70,55,64,46,82,84,75,85,70,0,assumed,v1,2026-03-17T01:02:07
BM_FG_PRODUCTION_RL_IC_MID_MANUFACTURING,FG_PRODUCTION,RL_IC_MID,MANUFACTURING,67,60,68,53,62,44,80,82,75,83,68,0,assumed,v1,2026-03-17T01:02:07
BM_FG_PRODUCTION_RL_IC_MID_HEALTHCARE,FG_PRODUCTION,RL_IC_MID,HEALTHCARE,70,62,65,52,62,44,80,85,77,80,67,0,assumed,v1,2026-03-17T01:02:07
BM_FG_PRODUCTION_RL_IC_MID_EDUCATION,FG_PRODUCTION,RL_IC_MID,EDUCATION,68,63,65,55,63,45,81,83,78,80,70,0,assumed,v1,2026-03-17T01:02:07
BM_FG_PRODUCTION_RL_IC_MID_RETAIL_TRADE,FG_PRODUCTION,RL_IC_MID,RETAIL_TRADE,65,62,68,55,62,44,80,80,77,83,70,0,assumed,v1,2026-03-17T01:02:07
BM_FG_PRODUCTION_RL_IC_SR_ALL,FG_PRODUCTION,RL_IC_SR,ALL,71,66,71,61,67,49,85,86,81,86,76,0,assumed,v1,2026-03-17T01:02:07
BM_FG_PRODUCTION_RL_IC_SR_IT_TECH,FG_PRODUCTION,RL_IC_SR,IT_TECH,74,66,71,66,69,51,87,89,81,86,81,0,assumed,v1,2026-03-17T01:02:07
BM_FG_PRODUCTION_RL_IC_SR_FINANCE,FG_PRODUCTION,RL_IC_SR,FINANCE,75,66,76,61,70,52,88,90,81,91,76,0,assumed,v1,2026-03-17T01:02:07
BM_FG_PRODUCTION_RL_IC_SR_MANUFACTURING,FG_PRODUCTION,RL_IC_SR,MANUFACTURING,73,66,74,59,68,50,86,88,81,89,74,0,assumed,v1,2026-03-17T01:02:07
BM_FG_PRODUCTION_RL_IC_SR_HEALTHCARE,FG_PRODUCTION,RL_IC_SR,HEALTHCARE,76,68,71,58,68,50,86,91,83,86,73,0,assumed,v1,2026-03-17T01:02:07
BM_FG_PRODUCTION_RL_IC_SR_EDUCATION,FG_PRODUCTION,RL_IC_SR,EDUCATION,74,69,71,61,69,51,87,89,84,86,76,0,assumed,v1,2026-03-17T01:02:07
BM_FG_PRODUCTION_RL_IC_SR_RETAIL_TRADE,FG_PRODUCTION,RL_IC_SR,RETAIL_TRADE,71,68,74,61,68,50,86,86,83,89,76,0,assumed,v1,2026-03-17T01:02:07
BM_FG_PRODUCTION_RL_LEAD_ALL,FG_PRODUCTION,RL_LEAD,ALL,75,70,75,65,71,53,89,90,85,90,80,0,assumed,v1,2026-03-17T01:02:07
BM_FG_PRODUCTION_RL_LEAD_IT_TECH,FG_PRODUCTION,RL_LEAD,IT_TECH,78,70,75,70,73,55,91,93,85,90,85,0,assumed,v1,2026-03-17T01:02:07
BM_FG_PRODUCTION_RL_LEAD_FINANCE,FG_PRODUCTION,RL_LEAD,FINANCE,79,70,80,65,74,56,92,94,85,95,80,0,assumed,v1,2026-03-17T01:02:07
BM_FG_PRODUCTION_RL_LEAD_MANUFACTURING,FG_PRODUCTION,RL_LEAD,MANUFACTURING,77,70,78,63,72,54,90,92,85,93,78,0,assumed,v1,2026-03-17T01:02:07
BM_FG_PRODUCTION_RL_LEAD_HEALTHCARE,FG_PRODUCTION,RL_LEAD,HEALTHCARE,80,72,75,62,72,54,90,95,87,90,77,0,assumed,v1,2026-03-17T01:02:07
BM_FG_PRODUCTION_RL_LEAD_EDUCATION,FG_PRODUCTION,RL_LEAD,EDUCATION,78,73,75,65,73,55,91,93,88,90,80,0,assumed,v1,2026-03-17T01:02:07
BM_FG_PRODUCTION_RL_LEAD_RETAIL_TRADE,FG_PRODUCTION,RL_LEAD,RETAIL_TRADE,75,72,78,65,72,54,90,90,87,93,80,0,assumed,v1,2026-03-17T01:02:07
BM_FG_PRODUCTION_RL_MGR_ALL,FG_PRODUCTION,RL_MGR,ALL,77,72,77,67,73,55,91,92,87,92,82,0,assumed,v1,2026-03-17T01:02:07
BM_FG_PRODUCTION_RL_MGR_IT_TECH,FG_PRODUCTION,RL_MGR,IT_TECH,80,72,77,72,75,57,93,95,87,92,87,0,assumed,v1,2026-03-17T01:02:07
BM_FG_PRODUCTION_RL_MGR_FINANCE,FG_PRODUCTION,RL_MGR,FINANCE,81,72,82,67,76,58,94,96,87,97,82,0,assumed,v1,2026-03-17T01:02:07
BM_FG_PRODUCTION_RL_MGR_MANUFACTURING,FG_PRODUCTION,RL_MGR,MANUFACTURING,79,72,80,65,74,56,92,94,87,95,80,0,assumed,v1,2026-03-17T01:02:07
BM_FG_PRODUCTION_RL_MGR_HEALTHCARE,FG_PRODUCTION,RL_MGR,HEALTHCARE,82,74,77,64,74,56,92,97,89,92,79,0,assumed,v1,2026-03-17T01:02:07
BM_FG_PRODUCTION_RL_MGR_EDUCATION,FG_PRODUCTION,RL_MGR,EDUCATION,80,75,77,67,75,57,93,95,90,92,82,0,assumed,v1,2026-03-17T01:02:07
BM_FG_PRODUCTION_RL_MGR_RETAIL_TRADE,FG_PRODUCTION,RL_MGR,RETAIL_TRADE,77,74,80,67,74,56,92,92,89,95,82,0,assumed,v1,2026-03-17T01:02:07
BM_FG_CONSTRUCTION_RL_IC_JR_ALL,FG_CONSTRUCTION,RL_IC_JR,ALL,55,52,54,47,52,34,70,70,67,69,62,0,assumed,v1,2026-03-17T01:02:07
BM_FG_CONSTRUCTION_RL_IC_JR_IT_TECH,FG_CONSTRUCTION,RL_IC_JR,IT_TECH,58,52,54,52,54,36,72,73,67,69,67,0,assumed,v1,2026-03-17T01:02:07
BM_FG_CONSTRUCTION_RL_IC_JR_FINANCE,FG_CONSTRUCTION,RL_IC_JR,FINANCE,59,52,59,47,54,36,72,74,67,74,62,0,assumed,v1,2026-03-17T01:02:07
BM_FG_CONSTRUCTION_RL_IC_JR_MANUFACTURING,FG_CONSTRUCTION,RL_IC_JR,MANUFACTURING,57,52,57,45,53,35,71,72,67,72,60,0,assumed,v1,2026-03-17T01:02:07
BM_FG_CONSTRUCTION_RL_IC_JR_HEALTHCARE,FG_CONSTRUCTION,RL_IC_JR,HEALTHCARE,60,54,54,44,53,35,71,75,69,69,59,0,assumed,v1,2026-03-17T01:02:07
BM_FG_CONSTRUCTION_RL_IC_JR_EDUCATION,FG_CONSTRUCTION,RL_IC_JR,EDUCATION,58,55,54,47,54,36,72,73,70,69,62,0,assumed,v1,2026-03-17T01:02:07
BM_FG_CONSTRUCTION_RL_IC_JR_RETAIL_TRADE,FG_CONSTRUCTION,RL_IC_JR,RETAIL_TRADE,55,54,57,47,53,35,71,70,69,72,62,0,assumed,v1,2026-03-17T01:02:07
BM_FG_CONSTRUCTION_RL_IC_MID_ALL,FG_CONSTRUCTION,RL_IC_MID,ALL,63,60,62,55,60,42,78,78,75,77,70,0,assumed,v1,2026-03-17T01:02:07
BM_FG_CONSTRUCTION_RL_IC_MID_IT_TECH,FG_CONSTRUCTION,RL_IC_MID,IT_TECH,66,60,62,60,62,44,80,81,75,77,75,0,assumed,v1,2026-03-17T01:02:07
BM_FG_CONSTRUCTION_RL_IC_MID_FINANCE,FG_CONSTRUCTION,RL_IC_MID,FINANCE,67,60,67,55,62,44,80,82,75,82,70,0,assumed,v1,2026-03-17T01:02:07
BM_FG_CONSTRUCTION_RL_IC_MID_MANUFACTURING,FG_CONSTRUCTION,RL_IC_MID,MANUFACTURING,65,60,65,53,61,43,79,80,75,80,68,0,assumed,v1,2026-03-17T01:02:07
BM_FG_CONSTRUCTION_RL_IC_MID_HEALTHCARE,FG_CONSTRUCTION,RL_IC_MID,HEALTHCARE,68,62,62,52,61,43,79,83,77,77,67,0,assumed,v1,2026-03-17T01:02:07
BM_FG_CONSTRUCTION_RL_IC_MID_EDUCATION,FG_CONSTRUCTION,RL_IC_MID,EDUCATION,66,63,62,55,62,44,80,81,78,77,70,0,assumed,v1,2026-03-17T01:02:07
BM_FG_CONSTRUCTION_RL_IC_MID_RETAIL_TRADE,FG_CONSTRUCTION,RL_IC_MID,RETAIL_TRADE,63,62,65,55,61,43,79,78,77,80,70,0,assumed,v1,2026-03-17T01:02:07
BM_FG_CONSTRUCTION_RL_IC_SR_ALL,FG_CONSTRUCTION,RL_IC_SR,ALL,69,66,68,61,66,48,84,84,81,83,76,0,assumed,v1,2026-03-17T01:02:07
BM_FG_CONSTRUCTION_RL_IC_SR_IT_TECH,FG_CONSTRUCTION,RL_IC_SR,IT_TECH,72,66,68,66,68,50,86,87,81,83,81,0,assumed,v1,2026-03-17T01:02:07
BM_FG_CONSTRUCTION_RL_IC_SR_FINANCE,FG_CONSTRUCTION,RL_IC_SR,FINANCE,73,66,73,61,68,50,86,88,81,88,76,0,assumed,v1,2026-03-17T01:02:07
BM_FG_CONSTRUCTION_RL_IC_SR_MANUFACTURING,FG_CONSTRUCTION,RL_IC_SR,MANUFACTURING,71,66,71,59,67,49,85,86,81,86,74,0,assumed,v1,2026-03-17T01:02:07
BM_FG_CONSTRUCTION_RL_IC_SR_HEALTHCARE,FG_CONSTRUCTION,RL_IC_SR,HEALTHCARE,74,68,68,58,67,49,85,89,83,83,73,0,assumed,v1,2026-03-17T01:02:07
BM_FG_CONSTRUCTION_RL_IC_SR_EDUCATION,FG_CONSTRUCTION,RL_IC_SR,EDUCATION,72,69,68,61,68,50,86,87,84,83,76,0,assumed,v1,2026-03-17T01:02:07
BM_FG_CONSTRUCTION_RL_IC_SR_RETAIL_TRADE,FG_CONSTRUCTION,RL_IC_SR,RETAIL_TRADE,69,68,71,61,67,49,85,84,83,86,76,0,assumed,v1,2026-03-17T01:02:07
BM_FG_CONSTRUCTION_RL_LEAD_ALL,FG_CONSTRUCTION,RL_LEAD,ALL,73,70,72,65,70,52,88,88,85,87,80,0,assumed,v1,2026-03-17T01:02:07
BM_FG_CONSTRUCTION_RL_LEAD_IT_TECH,FG_CONSTRUCTION,RL_LEAD,IT_TECH,76,70,72,70,72,54,90,91,85,87,85,0,assumed,v1,2026-03-17T01:02:07
BM_FG_CONSTRUCTION_RL_LEAD_FINANCE,FG_CONSTRUCTION,RL_LEAD,FINANCE,77,70,77,65,72,54,90,92,85,92,80,0,assumed,v1,2026-03-17T01:02:07
BM_FG_CONSTRUCTION_RL_LEAD_MANUFACTURING,FG_CONSTRUCTION,RL_LEAD,MANUFACTURING,75,70,75,63,71,53,89,90,85,90,78,0,assumed,v1,2026-03-17T01:02:07
BM_FG_CONSTRUCTION_RL_LEAD_HEALTHCARE,FG_CONSTRUCTION,RL_LEAD,HEALTHCARE,78,72,72,62,71,53,89,93,87,87,77,0,assumed,v1,2026-03-17T01:02:07
BM_FG_CONSTRUCTION_RL_LEAD_EDUCATION,FG_CONSTRUCTION,RL_LEAD,EDUCATION,76,73,72,65,72,54,90,91,88,87,80,0,assumed,v1,2026-03-17T01:02:07
BM_FG_CONSTRUCTION_RL_LEAD_RETAIL_TRADE,FG_CONSTRUCTION,RL_LEAD,RETAIL_TRADE,73,72,75,65,71,53,89,88,87,90,80,0,assumed,v1,2026-03-17T01:02:07
BM_FG_CONSTRUCTION_RL_MGR_ALL,FG_CONSTRUCTION,RL_MGR,ALL,75,72,74,67,72,54,90,90,87,89,82,0,assumed,v1,2026-03-17T01:02:07
BM_FG_CONSTRUCTION_RL_MGR_IT_TECH,FG_CONSTRUCTION,RL_MGR,IT_TECH,78,72,74,72,74,56,92,93,87,89,87,0,assumed,v1,2026-03-17T01:02:07
BM_FG_CONSTRUCTION_RL_MGR_FINANCE,FG_CONSTRUCTION,RL_MGR,FINANCE,79,72,79,67,74,56,92,94,87,94,82,0,assumed,v1,2026-03-17T01:02:07
BM_FG_CONSTRUCTION_RL_MGR_MANUFACTURING,FG_CONSTRUCTION,RL_MGR,MANUFACTURING,77,72,77,65,73,55,91,92,87,92,80,0,assumed,v1,2026-03-17T01:02:07
BM_FG_CONSTRUCTION_RL_MGR_HEALTHCARE,FG_CONSTRUCTION,RL_MGR,HEALTHCARE,80,74,74,64,73,55,91,95,89,89,79,0,assumed,v1,2026-03-17T01:02:07
BM_FG_CONSTRUCTION_RL_MGR_EDUCATION,FG_CONSTRUCTION,RL_MGR,EDUCATION,78,75,74,67,74,56,92,93,90,89,82,0,assumed,v1,2026-03-17T01:02:07
BM_FG_CONSTRUCTION_RL_MGR_RETAIL_TRADE,FG_CONSTRUCTION,RL_MGR,RETAIL_TRADE,75,74,77,67,73,55,91,90,89,92,82,0,assumed,v1,2026-03-17T01:02:07
BM_FG_RND_RL_IC_JR_ALL,FG_RND,RL_IC_JR,ALL,64,54,57,52,57,39,75,79,69,72,67,0,assumed,v1,2026-03-17T01:02:07
BM_FG_RND_RL_IC_JR_IT_TECH,FG_RND,RL_IC_JR,IT_TECH,67,54,57,57,59,41,77,82,69,72,72,0,assumed,v1,2026-03-17T01:02:07
BM_FG_RND_RL_IC_JR_FINANCE,FG_RND,RL_IC_JR,FINANCE,68,54,62,52,59,41,77,83,69,77,67,0,assumed,v1,2026-03-17T01:02:07
BM_FG_RND_RL_IC_JR_MANUFACTURING,FG_RND,RL_IC_JR,MANUFACTURING,66,54,60,50,58,40,76,81,69,75,65,0,assumed,v1,2026-03-17T01:02:07
BM_FG_RND_RL_IC_JR_HEALTHCARE,FG_RND,RL_IC_JR,HEALTHCARE,69,56,57,49,58,40,76,84,71,72,64,0,assumed,v1,2026-03-17T01:02:07
BM_FG_RND_RL_IC_JR_EDUCATION,FG_RND,RL_IC_JR,EDUCATION,67,57,57,52,58,40,76,82,72,72,67,0,assumed,v1,2026-03-17T01:02:07
BM_FG_RND_RL_IC_JR_RETAIL_TRADE,FG_RND,RL_IC_JR,RETAIL_TRADE,64,56,60,52,58,40,76,79,71,75,67,0,assumed,v1,2026-03-17T01:02:07
BM_FG_RND_RL_IC_MID_ALL,FG_RND,RL_IC_MID,ALL,72,62,65,60,65,47,83,87,77,80,75,0,assumed,v1,2026-03-17T01:02:07
BM_FG_RND_RL_IC_MID_IT_TECH,FG_RND,RL_IC_MID,IT_TECH,75,62,65,65,67,49,85,90,77,80,80,0,assumed,v1,2026-03-17T01:02:07
BM_FG_RND_RL_IC_MID_FINANCE,FG_RND,RL_IC_MID,FINANCE,76,62,70,60,67,49,85,91,77,85,75,0,assumed,v1,2026-03-17T01:02:07
BM_FG_RND_RL_IC_MID_MANUFACTURING,FG_RND,RL_IC_MID,MANUFACTURING,74,62,68,58,66,48,84,89,77,83,73,0,assumed,v1,2026-03-17T01:02:07
BM_FG_RND_RL_IC_MID_HEALTHCARE,FG_RND,RL_IC_MID,HEALTHCARE,77,64,65,57,66,48,84,92,79,80,72,0,assumed,v1,2026-03-17T01:02:07
BM_FG_RND_RL_IC_MID_EDUCATION,FG_RND,RL_IC_MID,EDUCATION,75,65,65,60,66,48,84,90,80,80,75,0,assumed,v1,2026-03-17T01:02:07
BM_FG_RND_RL_IC_MID_RETAIL_TRADE,FG_RND,RL_IC_MID,RETAIL_TRADE,72,64,68,60,66,48,84,87,79,83,75,0,assumed,v1,2026-03-17T01:02:07
BM_FG_RND_RL_IC_SR_ALL,FG_RND,RL_IC_SR,ALL,78,68,71,66,71,53,89,93,83,86,81,0,assumed,v1,2026-03-17T01:02:07
BM_FG_RND_RL_IC_SR_IT_TECH,FG_RND,RL_IC_SR,IT_TECH,81,68,71,71,73,55,91,96,83,86,86,0,assumed,v1,2026-03-17T01:02:07
BM_FG_RND_RL_IC_SR_FINANCE,FG_RND,RL_IC_SR,FINANCE,82,68,76,66,73,55,91,97,83,91,81,0,assumed,v1,2026-03-17T01:02:07
BM_FG_RND_RL_IC_SR_MANUFACTURING,FG_RND,RL_IC_SR,MANUFACTURING,80,68,74,64,72,54,90,95,83,89,79,0,assumed,v1,2026-03-17T01:02:07
BM_FG_RND_RL_IC_SR_HEALTHCARE,FG_RND,RL_IC_SR,HEALTHCARE,83,70,71,63,72,54,90,98,85,86,78,0,assumed,v1,2026-03-17T01:02:07
BM_FG_RND_RL_IC_SR_EDUCATION,FG_RND,RL_IC_SR,EDUCATION,81,71,71,66,72,54,90,96,86,86,81,0,assumed,v1,2026-03-17T01:02:07
BM_FG_RND_RL_IC_SR_RETAIL_TRADE,FG_RND,RL_IC_SR,RETAIL_TRADE,78,70,74,66,72,54,90,93,85,89,81,0,assumed,v1,2026-03-17T01:02:07
BM_FG_RND_RL_LEAD_ALL,FG_RND,RL_LEAD,ALL,82,72,75,70,75,57,93,97,87,90,85,0,assumed,v1,2026-03-17T01:02:07
BM_FG_RND_RL_LEAD_IT_TECH,FG_RND,RL_LEAD,IT_TECH,85,72,75,75,77,59,95,100,87,90,90,0,assumed,v1,2026-03-17T01:02:07
BM_FG_RND_RL_LEAD_FINANCE,FG_RND,RL_LEAD,FINANCE,86,72,80,70,77,59,95,101,87,95,85,0,assumed,v1,2026-03-17T01:02:07
BM_FG_RND_RL_LEAD_MANUFACTURING,FG_RND,RL_LEAD,MANUFACTURING,84,72,78,68,76,58,94,99,87,93,83,0,assumed,v1,2026-03-17T01:02:07
BM_FG_RND_RL_LEAD_HEALTHCARE,FG_RND,RL_LEAD,HEALTHCARE,87,74,75,67,76,58,94,102,89,90,82,0,assumed,v1,2026-03-17T01:02:07
BM_FG_RND_RL_LEAD_EDUCATION,FG_RND,RL_LEAD,EDUCATION,85,75,75,70,76,58,94,100,90,90,85,0,assumed,v1,2026-03-17T01:02:07
BM_FG_RND_RL_LEAD_RETAIL_TRADE,FG_RND,RL_LEAD,RETAIL_TRADE,82,74,78,70,76,58,94,97,89,93,85,0,assumed,v1,2026-03-17T01:02:07
BM_FG_RND_RL_MGR_ALL,FG_RND,RL_MGR,ALL,84,74,77,72,77,59,95,99,89,92,87,0,assumed,v1,2026-03-17T01:02:07
BM_FG_RND_RL_MGR_IT_TECH,FG_RND,RL_MGR,IT_TECH,87,74,77,77,79,61,97,102,89,92,92,0,assumed,v1,2026-03-17T01:02:07
BM_FG_RND_RL_MGR_FINANCE,FG_RND,RL_MGR,FINANCE,88,74,82,72,79,61,97,103,89,97,87,0,assumed,v1,2026-03-17T01:02:07
BM_FG_RND_RL_MGR_MANUFACTURING,FG_RND,RL_MGR,MANUFACTURING,86,74,80,70,78,60,96,101,89,95,85,0,assumed,v1,2026-03-17T01:02:07
BM_FG_RND_RL_MGR_HEALTHCARE,FG_RND,RL_MGR,HEALTHCARE,89,76,77,69,78,60,96,104,91,92,84,0,assumed,v1,2026-03-17T01:02:07
BM_FG_RND_RL_MGR_EDUCATION,FG_RND,RL_MGR,EDUCATION,87,77,77,72,78,60,96,102,92,92,87,0,assumed,v1,2026-03-17T01:02:07
BM_FG_RND_RL_MGR_RETAIL_TRADE,FG_RND,RL_MGR,RETAIL_TRADE,84,76,80,72,78,60,96,99,91,95,87,0,assumed,v1,2026-03-17T01:02:07
BM_FG_HEALTHCARE_RL_IC_JR_ALL,FG_HEALTHCARE,RL_IC_JR,ALL,64,57,55,50,56,38,74,79,72,70,65,0,assumed,v1,2026-03-17T01:02:07
BM_FG_HEALTHCARE_RL_IC_JR_IT_TECH,FG_HEALTHCARE,RL_IC_JR,IT_TECH,67,57,55,55,58,40,76,82,72,70,70,0,assumed,v1,2026-03-17T01:02:07
BM_FG_HEALTHCARE_RL_IC_JR_FINANCE,FG_HEALTHCARE,RL_IC_JR,FINANCE,68,57,60,50,59,41,77,83,72,75,65,0,assumed,v1,2026-03-17T01:02:07
BM_FG_HEALTHCARE_RL_IC_JR_MANUFACTURING,FG_HEALTHCARE,RL_IC_JR,MANUFACTURING,66,57,58,48,57,39,75,81,72,73,63,0,assumed,v1,2026-03-17T01:02:07
BM_FG_HEALTHCARE_RL_IC_JR_HEALTHCARE,FG_HEALTHCARE,RL_IC_JR,HEALTHCARE,69,59,55,47,58,40,76,84,74,70,62,0,assumed,v1,2026-03-17T01:02:07
BM_FG_HEALTHCARE_RL_IC_JR_EDUCATION,FG_HEALTHCARE,RL_IC_JR,EDUCATION,67,60,55,50,58,40,76,82,75,70,65,0,assumed,v1,2026-03-17T01:02:07
BM_FG_HEALTHCARE_RL_IC_JR_RETAIL_TRADE,FG_HEALTHCARE,RL_IC_JR,RETAIL_TRADE,64,59,58,50,58,40,76,79,74,73,65,0,assumed,v1,2026-03-17T01:02:07
BM_FG_HEALTHCARE_RL_IC_MID_ALL,FG_HEALTHCARE,RL_IC_MID,ALL,72,65,63,58,64,46,82,87,80,78,73,0,assumed,v1,2026-03-17T01:02:07
BM_FG_HEALTHCARE_RL_IC_MID_IT_TECH,FG_HEALTHCARE,RL_IC_MID,IT_TECH,75,65,63,63,66,48,84,90,80,78,78,0,assumed,v1,2026-03-17T01:02:07
BM_FG_HEALTHCARE_RL_IC_MID_FINANCE,FG_HEALTHCARE,RL_IC_MID,FINANCE,76,65,68,58,67,49,85,91,80,83,73,0,assumed,v1,2026-03-17T01:02:07
BM_FG_HEALTHCARE_RL_IC_MID_MANUFACTURING,FG_HEALTHCARE,RL_IC_MID,MANUFACTURING,74,65,66,56,65,47,83,89,80,81,71,0,assumed,v1,2026-03-17T01:02:07
BM_FG_HEALTHCARE_RL_IC_MID_HEALTHCARE,FG_HEALTHCARE,RL_IC_MID,HEALTHCARE,77,67,63,55,66,48,84,92,82,78,70,0,assumed,v1,2026-03-17T01:02:07
BM_FG_HEALTHCARE_RL_IC_MID_EDUCATION,FG_HEALTHCARE,RL_IC_MID,EDUCATION,75,68,63,58,66,48,84,90,83,78,73,0,assumed,v1,2026-03-17T01:02:07
BM_FG_HEALTHCARE_RL_IC_MID_RETAIL_TRADE,FG_HEALTHCARE,RL_IC_MID,RETAIL_TRADE,72,67,66,58,66,48,84,87,82,81,73,0,assumed,v1,2026-03-17T01:02:07
BM_FG_HEALTHCARE_RL_IC_SR_ALL,FG_HEALTHCARE,RL_IC_SR,ALL,78,71,69,64,70,52,88,93,86,84,79,0,assumed,v1,2026-03-17T01:02:07
BM_FG_HEALTHCARE_RL_IC_SR_IT_TECH,FG_HEALTHCARE,RL_IC_SR,IT_TECH,81,71,69,69,72,54,90,96,86,84,84,0,assumed,v1,2026-03-17T01:02:07
BM_FG_HEALTHCARE_RL_IC_SR_FINANCE,FG_HEALTHCARE,RL_IC_SR,FINANCE,82,71,74,64,73,55,91,97,86,89,79,0,assumed,v1,2026-03-17T01:02:07
BM_FG_HEALTHCARE_RL_IC_SR_MANUFACTURING,FG_HEALTHCARE,RL_IC_SR,MANUFACTURING,80,71,72,62,71,53,89,95,86,87,77,0,assumed,v1,2026-03-17T01:02:07
BM_FG_HEALTHCARE_RL_IC_SR_HEALTHCARE,FG_HEALTHCARE,RL_IC_SR,HEALTHCARE,83,73,69,61,72,54,90,98,88,84,76,0,assumed,v1,2026-03-17T01:02:07
BM_FG_HEALTHCARE_RL_IC_SR_EDUCATION,FG_HEALTHCARE,RL_IC_SR,EDUCATION,81,74,69,64,72,54,90,96,89,84,79,0,assumed,v1,2026-03-17T01:02:07
BM_FG_HEALTHCARE_RL_IC_SR_RETAIL_TRADE,FG_HEALTHCARE,RL_IC_SR,RETAIL_TRADE,78,73,72,64,72,54,90,93,88,87,79,0,assumed,v1,2026-03-17T01:02:07
BM_FG_HEALTHCARE_RL_LEAD_ALL,FG_HEALTHCARE,RL_LEAD,ALL,82,75,73,68,74,56,92,97,90,88,83,0,assumed,v1,2026-03-17T01:02:07
BM_FG_HEALTHCARE_RL_LEAD_IT_TECH,FG_HEALTHCARE,RL_LEAD,IT_TECH,85,75,73,73,76,58,94,100,90,88,88,0,assumed,v1,2026-03-17T01:02:07
BM_FG_HEALTHCARE_RL_LEAD_FINANCE,FG_HEALTHCARE,RL_LEAD,FINANCE,86,75,78,68,77,59,95,101,90,93,83,0,assumed,v1,2026-03-17T01:02:07
BM_FG_HEALTHCARE_RL_LEAD_MANUFACTURING,FG_HEALTHCARE,RL_LEAD,MANUFACTURING,84,75,76,66,75,57,93,99,90,91,81,0,assumed,v1,2026-03-17T01:02:07
BM_FG_HEALTHCARE_RL_LEAD_HEALTHCARE,FG_HEALTHCARE,RL_LEAD,HEALTHCARE,87,77,73,65,76,58,94,102,92,88,80,0,assumed,v1,2026-03-17T01:02:07
BM_FG_HEALTHCARE_RL_LEAD_EDUCATION,FG_HEALTHCARE,RL_LEAD,EDUCATION,85,78,73,68,76,58,94,100,93,88,83,0,assumed,v1,2026-03-17T01:02:07
BM_FG_HEALTHCARE_RL_LEAD_RETAIL_TRADE,FG_HEALTHCARE,RL_LEAD,RETAIL_TRADE,82,77,76,68,76,58,94,97,92,91,83,0,assumed,v1,2026-03-17T01:02:07
BM_FG_HEALTHCARE_RL_MGR_ALL,FG_HEALTHCARE,RL_MGR,ALL,84,77,75,70,76,58,94,99,92,90,85,0,assumed,v1,2026-03-17T01:02:07
BM_FG_HEALTHCARE_RL_MGR_IT_TECH,FG_HEALTHCARE,RL_MGR,IT_TECH,87,77,75,75,78,60,96,102,92,90,90,0,assumed,v1,2026-03-17T01:02:07
BM_FG_HEALTHCARE_RL_MGR_FINANCE,FG_HEALTHCARE,RL_MGR,FINANCE,88,77,80,70,79,61,97,103,92,95,85,0,assumed,v1,2026-03-17T01:02:07
BM_FG_HEALTHCARE_RL_MGR_MANUFACTURING,FG_HEALTHCARE,RL_MGR,MANUFACTURING,86,77,78,68,77,59,95,101,92,93,83,0,assumed,v1,2026-03-17T01:02:07
BM_FG_HEALTHCARE_RL_MGR_HEALTHCARE,FG_HEALTHCARE,RL_MGR,HEALTHCARE,89,79,75,67,78,60,96,104,94,90,82,0,assumed,v1,2026-03-17T01:02:07
BM_FG_HEALTHCARE_RL_MGR_EDUCATION,FG_HEALTHCARE,RL_MGR,EDUCATION,87,80,75,70,78,60,96,102,95,90,85,0,assumed,v1,2026-03-17T01:02:07
BM_FG_HEALTHCARE_RL_MGR_RETAIL_TRADE,FG_HEALTHCARE,RL_MGR,RETAIL_TRADE,84,79,78,70,78,60,96,99,94,93,85,0,assumed,v1,2026-03-17T01:02:07
BM_FG_EDUCATION_RL_IC_JR_ALL,FG_EDUCATION,RL_IC_JR,ALL,57,57,52,50,54,36,72,72,72,67,65,0,assumed,v1,2026-03-17T01:02:07
BM_FG_EDUCATION_RL_IC_JR_IT_TECH,FG_EDUCATION,RL_IC_JR,IT_TECH,60,57,52,55,56,38,74,75,72,67,70,0,assumed,v1,2026-03-17T01:02:07
BM_FG_EDUCATION_RL_IC_JR_FINANCE,FG_EDUCATION,RL_IC_JR,FINANCE,61,57,57,50,56,38,74,76,72,72,65,0,assumed,v1,2026-03-17T01:02:07
BM_FG_EDUCATION_RL_IC_JR_MANUFACTURING,FG_EDUCATION,RL_IC_JR,MANUFACTURING,59,57,55,48,55,37,73,74,72,70,63,0,assumed,v1,2026-03-17T01:02:07
BM_FG_EDUCATION_RL_IC_JR_HEALTHCARE,FG_EDUCATION,RL_IC_JR,HEALTHCARE,62,59,52,47,55,37,73,77,74,67,62,0,assumed,v1,2026-03-17T01:02:07
BM_FG_EDUCATION_RL_IC_JR_EDUCATION,FG_EDUCATION,RL_IC_JR,EDUCATION,60,60,52,50,56,38,74,75,75,67,65,0,assumed,v1,2026-03-17T01:02:07
BM_FG_EDUCATION_RL_IC_JR_RETAIL_TRADE,FG_EDUCATION,RL_IC_JR,RETAIL_TRADE,57,59,55,50,55,37,73,72,74,70,65,0,assumed,v1,2026-03-17T01:02:07
BM_FG_EDUCATION_RL_IC_MID_ALL,FG_EDUCATION,RL_IC_MID,ALL,65,65,60,58,62,44,80,80,80,75,73,0,assumed,v1,2026-03-17T01:02:07
BM_FG_EDUCATION_RL_IC_MID_IT_TECH,FG_EDUCATION,RL_IC_MID,IT_TECH,68,65,60,63,64,46,82,83,80,75,78,0,assumed,v1,2026-03-17T01:02:07
BM_FG_EDUCATION_RL_IC_MID_FINANCE,FG_EDUCATION,RL_IC_MID,FINANCE,69,65,65,58,64,46,82,84,80,80,73,0,assumed,v1,2026-03-17T01:02:07
BM_FG_EDUCATION_RL_IC_MID_MANUFACTURING,FG_EDUCATION,RL_IC_MID,MANUFACTURING,67,65,63,56,63,45,81,82,80,78,71,0,assumed,v1,2026-03-17T01:02:07
BM_FG_EDUCATION_RL_IC_MID_HEALTHCARE,FG_EDUCATION,RL_IC_MID,HEALTHCARE,70,67,60,55,63,45,81,85,82,75,70,0,assumed,v1,2026-03-17T01:02:07
BM_FG_EDUCATION_RL_IC_MID_EDUCATION,FG_EDUCATION,RL_IC_MID,EDUCATION,68,68,60,58,64,46,82,83,83,75,73,0,assumed,v1,2026-03-17T01:02:07
BM_FG_EDUCATION_RL_IC_MID_RETAIL_TRADE,FG_EDUCATION,RL_IC_MID,RETAIL_TRADE,65,67,63,58,63,45,81,80,82,78,73,0,assumed,v1,2026-03-17T01:02:07
BM_FG_EDUCATION_RL_IC_SR_ALL,FG_EDUCATION,RL_IC_SR,ALL,71,71,66,64,68,50,86,86,86,81,79,0,assumed,v1,2026-03-17T01:02:07
BM_FG_EDUCATION_RL_IC_SR_IT_TECH,FG_EDUCATION,RL_IC_SR,IT_TECH,74,71,66,69,70,52,88,89,86,81,84,0,assumed,v1,2026-03-17T01:02:07
BM_FG_EDUCATION_RL_IC_SR_FINANCE,FG_EDUCATION,RL_IC_SR,FINANCE,75,71,71,64,70,52,88,90,86,86,79,0,assumed,v1,2026-03-17T01:02:07
BM_FG_EDUCATION_RL_IC_SR_MANUFACTURING,FG_EDUCATION,RL_IC_SR,MANUFACTURING,73,71,69,62,69,51,87,88,86,84,77,0,assumed,v1,2026-03-17T01:02:07
BM_FG_EDUCATION_RL_IC_SR_HEALTHCARE,FG_EDUCATION,RL_IC_SR,HEALTHCARE,76,73,66,61,69,51,87,91,88,81,76,0,assumed,v1,2026-03-17T01:02:07
BM_FG_EDUCATION_RL_IC_SR_EDUCATION,FG_EDUCATION,RL_IC_SR,EDUCATION,74,74,66,64,70,52,88,89,89,81,79,0,assumed,v1,2026-03-17T01:02:07
BM_FG_EDUCATION_RL_IC_SR_RETAIL_TRADE,FG_EDUCATION,RL_IC_SR,RETAIL_TRADE,71,73,69,64,69,51,87,86,88,84,79,0,assumed,v1,2026-03-17T01:02:07
BM_FG_EDUCATION_RL_LEAD_ALL,FG_EDUCATION,RL_LEAD,ALL,75,75,70,68,72,54,90,90,90,85,83,0,assumed,v1,2026-03-17T01:02:07
BM_FG_EDUCATION_RL_LEAD_IT_TECH,FG_EDUCATION,RL_LEAD,IT_TECH,78,75,70,73,74,56,92,93,90,85,88,0,assumed,v1,2026-03-17T01:02:07
BM_FG_EDUCATION_RL_LEAD_FINANCE,FG_EDUCATION,RL_LEAD,FINANCE,79,75,75,68,74,56,92,94,90,90,83,0,assumed,v1,2026-03-17T01:02:07
BM_FG_EDUCATION_RL_LEAD_MANUFACTURING,FG_EDUCATION,RL_LEAD,MANUFACTURING,77,75,73,66,73,55,91,92,90,88,81,0,assumed,v1,2026-03-17T01:02:07
BM_FG_EDUCATION_RL_LEAD_HEALTHCARE,FG_EDUCATION,RL_LEAD,HEALTHCARE,80,77,70,65,73,55,91,95,92,85,80,0,assumed,v1,2026-03-17T01:02:07
BM_FG_EDUCATION_RL_LEAD_EDUCATION,FG_EDUCATION,RL_LEAD,EDUCATION,78,78,70,68,74,56,92,93,93,85,83,0,assumed,v1,2026-03-17T01:02:07
BM_FG_EDUCATION_RL_LEAD_RETAIL_TRADE,FG_EDUCATION,RL_LEAD,RETAIL_TRADE,75,77,73,68,73,55,91,90,92,88,83,0,assumed,v1,2026-03-17T01:02:07
BM_FG_EDUCATION_RL_MGR_ALL,FG_EDUCATION,RL_MGR,ALL,77,77,72,70,74,56,92,92,92,87,85,0,assumed,v1,2026-03-17T01:02:07
BM_FG_EDUCATION_RL_MGR_IT_TECH,FG_EDUCATION,RL_MGR,IT_TECH,80,77,72,75,76,58,94,95,92,87,90,0,assumed,v1,2026-03-17T01:02:07
BM_FG_EDUCATION_RL_MGR_FINANCE,FG_EDUCATION,RL_MGR,FINANCE,81,77,77,70,76,58,94,96,92,92,85,0,assumed,v1,2026-03-17T01:02:07
BM_FG_EDUCATION_RL_MGR_MANUFACTURING,FG_EDUCATION,RL_MGR,MANUFACTURING,79,77,75,68,75,57,93,94,92,90,83,0,assumed,v1,2026-03-17T01:02:07
BM_FG_EDUCATION_RL_MGR_HEALTHCARE,FG_EDUCATION,RL_MGR,HEALTHCARE,82,79,72,67,75,57,93,97,94,87,82,0,assumed,v1,2026-03-17T01:02:07
BM_FG_EDUCATION_RL_MGR_EDUCATION,FG_EDUCATION,RL_MGR,EDUCATION,80,80,72,70,76,58,94,95,95,87,85,0,assumed,v1,2026-03-17T01:02:07
BM_FG_EDUCATION_RL_MGR_RETAIL_TRADE,FG_EDUCATION,RL_MGR,RETAIL_TRADE,77,79,75,70,75,57,93,92,94,90,85,0,assumed,v1,2026-03-17T01:02:07
BM_FG_MEDIA_RL_IC_JR_ALL,FG_MEDIA,RL_IC_JR,ALL,50,57,50,60,54,36,72,65,72,65,75,0,assumed,v1,2026-03-17T01:02:07
BM_FG_MEDIA_RL_IC_JR_IT_TECH,FG_MEDIA,RL_IC_JR,IT_TECH,53,57,50,65,56,38,74,68,72,65,80,0,assumed,v1,2026-03-17T01:02:07
BM_FG_MEDIA_RL_IC_JR_FINANCE,FG_MEDIA,RL_IC_JR,FINANCE,54,57,55,60,56,38,74,69,72,70,75,0,assumed,v1,2026-03-17T01:02:07
BM_FG_MEDIA_RL_IC_JR_MANUFACTURING,FG_MEDIA,RL_IC_JR,MANUFACTURING,52,57,53,58,55,37,73,67,72,68,73,0,assumed,v1,2026-03-17T01:02:07
BM_FG_MEDIA_RL_IC_JR_HEALTHCARE,FG_MEDIA,RL_IC_JR,HEALTHCARE,55,59,50,57,55,37,73,70,74,65,72,0,assumed,v1,2026-03-17T01:02:07
BM_FG_MEDIA_RL_IC_JR_EDUCATION,FG_MEDIA,RL_IC_JR,EDUCATION,53,60,50,60,56,38,74,68,75,65,75,0,assumed,v1,2026-03-17T01:02:07
BM_FG_MEDIA_RL_IC_JR_RETAIL_TRADE,FG_MEDIA,RL_IC_JR,RETAIL_TRADE,50,59,53,60,56,38,74,65,74,68,75,0,assumed,v1,2026-03-17T01:02:07
BM_FG_MEDIA_RL_IC_MID_ALL,FG_MEDIA,RL_IC_MID,ALL,58,65,58,68,62,44,80,73,80,73,83,0,assumed,v1,2026-03-17T01:02:07
BM_FG_MEDIA_RL_IC_MID_IT_TECH,FG_MEDIA,RL_IC_MID,IT_TECH,61,65,58,73,64,46,82,76,80,73,88,0,assumed,v1,2026-03-17T01:02:07
BM_FG_MEDIA_RL_IC_MID_FINANCE,FG_MEDIA,RL_IC_MID,FINANCE,62,65,63,68,64,46,82,77,80,78,83,0,assumed,v1,2026-03-17T01:02:07
BM_FG_MEDIA_RL_IC_MID_MANUFACTURING,FG_MEDIA,RL_IC_MID,MANUFACTURING,60,65,61,66,63,45,81,75,80,76,81,0,assumed,v1,2026-03-17T01:02:07
BM_FG_MEDIA_RL_IC_MID_HEALTHCARE,FG_MEDIA,RL_IC_MID,HEALTHCARE,63,67,58,65,63,45,81,78,82,73,80,0,assumed,v1,2026-03-17T01:02:07
BM_FG_MEDIA_RL_IC_MID_EDUCATION,FG_MEDIA,RL_IC_MID,EDUCATION,61,68,58,68,64,46,82,76,83,73,83,0,assumed,v1,2026-03-17T01:02:07
BM_FG_MEDIA_RL_IC_MID_RETAIL_TRADE,FG_MEDIA,RL_IC_MID,RETAIL_TRADE,58,67,61,68,64,46,82,73,82,76,83,0,assumed,v1,2026-03-17T01:02:07
BM_FG_MEDIA_RL_IC_SR_ALL,FG_MEDIA,RL_IC_SR,ALL,64,71,64,74,68,50,86,79,86,79,89,0,assumed,v1,2026-03-17T01:02:07
BM_FG_MEDIA_RL_IC_SR_IT_TECH,FG_MEDIA,RL_IC_SR,IT_TECH,67,71,64,79,70,52,88,82,86,79,94,0,assumed,v1,2026-03-17T01:02:07
BM_FG_MEDIA_RL_IC_SR_FINANCE,FG_MEDIA,RL_IC_SR,FINANCE,68,71,69,74,70,52,88,83,86,84,89,0,assumed,v1,2026-03-17T01:02:07
BM_FG_MEDIA_RL_IC_SR_MANUFACTURING,FG_MEDIA,RL_IC_SR,MANUFACTURING,66,71,67,72,69,51,87,81,86,82,87,0,assumed,v1,2026-03-17T01:02:07
BM_FG_MEDIA_RL_IC_SR_HEALTHCARE,FG_MEDIA,RL_IC_SR,HEALTHCARE,69,73,64,71,69,51,87,84,88,79,86,0,assumed,v1,2026-03-17T01:02:07
BM_FG_MEDIA_RL_IC_SR_EDUCATION,FG_MEDIA,RL_IC_SR,EDUCATION,67,74,64,74,70,52,88,82,89,79,89,0,assumed,v1,2026-03-17T01:02:07
BM_FG_MEDIA_RL_IC_SR_RETAIL_TRADE,FG_MEDIA,RL_IC_SR,RETAIL_TRADE,64,73,67,74,70,52,88,79,88,82,89,0,assumed,v1,2026-03-17T01:02:07
BM_FG_MEDIA_RL_LEAD_ALL,FG_MEDIA,RL_LEAD,ALL,68,75,68,78,72,54,90,83,90,83,93,0,assumed,v1,2026-03-17T01:02:07
BM_FG_MEDIA_RL_LEAD_IT_TECH,FG_MEDIA,RL_LEAD,IT_TECH,71,75,68,83,74,56,92,86,90,83,98,0,assumed,v1,2026-03-17T01:02:07
BM_FG_MEDIA_RL_LEAD_FINANCE,FG_MEDIA,RL_LEAD,FINANCE,72,75,73,78,74,56,92,87,90,88,93,0,assumed,v1,2026-03-17T01:02:07
BM_FG_MEDIA_RL_LEAD_MANUFACTURING,FG_MEDIA,RL_LEAD,MANUFACTURING,70,75,71,76,73,55,91,85,90,86,91,0,assumed,v1,2026-03-17T01:02:07
BM_FG_MEDIA_RL_LEAD_HEALTHCARE,FG_MEDIA,RL_LEAD,HEALTHCARE,73,77,68,75,73,55,91,88,92,83,90,0,assumed,v1,2026-03-17T01:02:07
BM_FG_MEDIA_RL_LEAD_EDUCATION,FG_MEDIA,RL_LEAD,EDUCATION,71,78,68,78,74,56,92,86,93,83,93,0,assumed,v1,2026-03-17T01:02:07
BM_FG_MEDIA_RL_LEAD_RETAIL_TRADE,FG_MEDIA,RL_LEAD,RETAIL_TRADE,68,77,71,78,74,56,92,83,92,86,93,0,assumed,v1,2026-03-17T01:02:07
BM_FG_MEDIA_RL_MGR_ALL,FG_MEDIA,RL_MGR,ALL,70,77,70,80,74,56,92,85,92,85,95,0,assumed,v1,2026-03-17T01:02:07
BM_FG_MEDIA_RL_MGR_IT_TECH,FG_MEDIA,RL_MGR,IT_TECH,73,77,70,85,76,58,94,88,92,85,100,0,assumed,v1,2026-03-17T01:02:07
BM_FG_MEDIA_RL_MGR_FINANCE,FG_MEDIA,RL_MGR,FINANCE,74,77,75,80,76,58,94,89,92,90,95,0,assumed,v1,2026-03-17T01:02:07
BM_FG_MEDIA_RL_MGR_MANUFACTURING,FG_MEDIA,RL_MGR,MANUFACTURING,72,77,73,78,75,57,93,87,92,88,93,0,assumed,v1,2026-03-17T01:02:07
BM_FG_MEDIA_RL_MGR_HEALTHCARE,FG_MEDIA,RL_MGR,HEALTHCARE,75,79,70,77,75,57,93,90,94,85,92,0,assumed,v1,2026-03-17T01:02:07
BM_FG_MEDIA_RL_MGR_EDUCATION,FG_MEDIA,RL_MGR,EDUCATION,73,80,70,80,76,58,94,88,95,85,95,0,assumed,v1,2026-03-17T01:02:07
BM_FG_MEDIA_RL_MGR_RETAIL_TRADE,FG_MEDIA,RL_MGR,RETAIL_TRADE,70,79,73,80,76,58,94,85,94,88,95,0,assumed,v1,2026-03-17T01:02:07
BM_FG_SERVICE_RL_IC_JR_ALL,FG_SERVICE,RL_IC_JR,ALL,50,57,52,50,52,34,70,65,72,67,65,0,assumed,v1,2026-03-17T01:02:07
BM_FG_SERVICE_RL_IC_JR_IT_TECH,FG_SERVICE,RL_IC_JR,IT_TECH,53,57,52,55,54,36,72,68,72,67,70,0,assumed,v1,2026-03-17T01:02:07
BM_FG_SERVICE_RL_IC_JR_FINANCE,FG_SERVICE,RL_IC_JR,FINANCE,54,57,57,50,54,36,72,69,72,72,65,0,assumed,v1,2026-03-17T01:02:07
BM_FG_SERVICE_RL_IC_JR_MANUFACTURING,FG_SERVICE,RL_IC_JR,MANUFACTURING,52,57,55,48,53,35,71,67,72,70,63,0,assumed,v1,2026-03-17T01:02:07
BM_FG_SERVICE_RL_IC_JR_HEALTHCARE,FG_SERVICE,RL_IC_JR,HEALTHCARE,55,59,52,47,53,35,71,70,74,67,62,0,assumed,v1,2026-03-17T01:02:07
BM_FG_SERVICE_RL_IC_JR_EDUCATION,FG_SERVICE,RL_IC_JR,EDUCATION,53,60,52,50,54,36,72,68,75,67,65,0,assumed,v1,2026-03-17T01:02:07
BM_FG_SERVICE_RL_IC_JR_RETAIL_TRADE,FG_SERVICE,RL_IC_JR,RETAIL_TRADE,50,59,55,50,54,36,72,65,74,70,65,0,assumed,v1,2026-03-17T01:02:07
BM_FG_SERVICE_RL_IC_MID_ALL,FG_SERVICE,RL_IC_MID,ALL,58,65,60,58,60,42,78,73,80,75,73,0,assumed,v1,2026-03-17T01:02:07
BM_FG_SERVICE_RL_IC_MID_IT_TECH,FG_SERVICE,RL_IC_MID,IT_TECH,61,65,60,63,62,44,80,76,80,75,78,0,assumed,v1,2026-03-17T01:02:07
BM_FG_SERVICE_RL_IC_MID_FINANCE,FG_SERVICE,RL_IC_MID,FINANCE,62,65,65,58,62,44,80,77,80,80,73,0,assumed,v1,2026-03-17T01:02:07
BM_FG_SERVICE_RL_IC_MID_MANUFACTURING,FG_SERVICE,RL_IC_MID,MANUFACTURING,60,65,63,56,61,43,79,75,80,78,71,0,assumed,v1,2026-03-17T01:02:07
BM_FG_SERVICE_RL_IC_MID_HEALTHCARE,FG_SERVICE,RL_IC_MID,HEALTHCARE,63,67,60,55,61,43,79,78,82,75,70,0,assumed,v1,2026-03-17T01:02:07
BM_FG_SERVICE_RL_IC_MID_EDUCATION,FG_SERVICE,RL_IC_MID,EDUCATION,61,68,60,58,62,44,80,76,83,75,73,0,assumed,v1,2026-03-17T01:02:07
BM_FG_SERVICE_RL_IC_MID_RETAIL_TRADE,FG_SERVICE,RL_IC_MID,RETAIL_TRADE,58,67,63,58,62,44,80,73,82,78,73,0,assumed,v1,2026-03-17T01:02:07
BM_FG_SERVICE_RL_IC_SR_ALL,FG_SERVICE,RL_IC_SR,ALL,64,71,66,64,66,48,84,79,86,81,79,0,assumed,v1,2026-03-17T01:02:07
BM_FG_SERVICE_RL_IC_SR_IT_TECH,FG_SERVICE,RL_IC_SR,IT_TECH,67,71,66,69,68,50,86,82,86,81,84,0,assumed,v1,2026-03-17T01:02:07
BM_FG_SERVICE_RL_IC_SR_FINANCE,FG_SERVICE,RL_IC_SR,FINANCE,68,71,71,64,68,50,86,83,86,86,79,0,assumed,v1,2026-03-17T01:02:07
BM_FG_SERVICE_RL_IC_SR_MANUFACTURING,FG_SERVICE,RL_IC_SR,MANUFACTURING,66,71,69,62,67,49,85,81,86,84,77,0,assumed,v1,2026-03-17T01:02:07
BM_FG_SERVICE_RL_IC_SR_HEALTHCARE,FG_SERVICE,RL_IC_SR,HEALTHCARE,69,73,66,61,67,49,85,84,88,81,76,0,assumed,v1,2026-03-17T01:02:07
BM_FG_SERVICE_RL_IC_SR_EDUCATION,FG_SERVICE,RL_IC_SR,EDUCATION,67,74,66,64,68,50,86,82,89,81,79,0,assumed,v1,2026-03-17T01:02:07
BM_FG_SERVICE_RL_IC_SR_RETAIL_TRADE,FG_SERVICE,RL_IC_SR,RETAIL_TRADE,64,73,69,64,68,50,86,79,88,84,79,0,assumed,v1,2026-03-17T01:02:07
BM_FG_SERVICE_RL_LEAD_ALL,FG_SERVICE,RL_LEAD,ALL,68,75,70,68,70,52,88,83,90,85,83,0,assumed,v1,2026-03-17T01:02:07
BM_FG_SERVICE_RL_LEAD_IT_TECH,FG_SERVICE,RL_LEAD,IT_TECH,71,75,70,73,72,54,90,86,90,85,88,0,assumed,v1,2026-03-17T01:02:07
BM_FG_SERVICE_RL_LEAD_FINANCE,FG_SERVICE,RL_LEAD,FINANCE,72,75,75,68,72,54,90,87,90,90,83,0,assumed,v1,2026-03-17T01:02:07
BM_FG_SERVICE_RL_LEAD_MANUFACTURING,FG_SERVICE,RL_LEAD,MANUFACTURING,70,75,73,66,71,53,89,85,90,88,81,0,assumed,v1,2026-03-17T01:02:07
BM_FG_SERVICE_RL_LEAD_HEALTHCARE,FG_SERVICE,RL_LEAD,HEALTHCARE,73,77,70,65,71,53,89,88,92,85,80,0,assumed,v1,2026-03-17T01:02:07
BM_FG_SERVICE_RL_LEAD_EDUCATION,FG_SERVICE,RL_LEAD,EDUCATION,71,78,70,68,72,54,90,86,93,85,83,0,assumed,v1,2026-03-17T01:02:07
BM_FG_SERVICE_RL_LEAD_RETAIL_TRADE,FG_SERVICE,RL_LEAD,RETAIL_TRADE,68,77,73,68,72,54,90,83,92,88,83,0,assumed,v1,2026-03-17T01:02:07
BM_FG_SERVICE_RL_MGR_ALL,FG_SERVICE,RL_MGR,ALL,70,77,72,70,72,54,90,85,92,87,85,0,assumed,v1,2026-03-17T01:02:07
BM_FG_SERVICE_RL_MGR_IT_TECH,FG_SERVICE,RL_MGR,IT_TECH,73,77,72,75,74,56,92,88,92,87,90,0,assumed,v1,2026-03-17T01:02:07
BM_FG_SERVICE_RL_MGR_FINANCE,FG_SERVICE,RL_MGR,FINANCE,74,77,77,70,74,56,92,89,92,92,85,0,assumed,v1,2026-03-17T01:02:07
BM_FG_SERVICE_RL_MGR_MANUFACTURING,FG_SERVICE,RL_MGR,MANUFACTURING,72,77,75,68,73,55,91,87,92,90,83,0,assumed,v1,2026-03-17T01:02:07
BM_FG_SERVICE_RL_MGR_HEALTHCARE,FG_SERVICE,RL_MGR,HEALTHCARE,75,79,72,67,73,55,91,90,94,87,82,0,assumed,v1,2026-03-17T01:02:07
BM_FG_SERVICE_RL_MGR_EDUCATION,FG_SERVICE,RL_MGR,EDUCATION,73,80,72,70,74,56,92,88,95,87,85,0,assumed,v1,2026-03-17T01:02:07
BM_FG_SERVICE_RL_MGR_RETAIL_TRADE,FG_SERVICE,RL_MGR,RETAIL_TRADE,70,79,75,70,74,56,92,85,94,90,85,0,assumed,v1,2026-03-17T01:02:07
BM_FG_PUBLIC_RL_IC_JR_ALL,FG_PUBLIC,RL_IC_JR,ALL,57,52,50,47,52,34,70,72,67,65,62,0,assumed,v1,2026-03-17T01:02:07
BM_FG_PUBLIC_RL_IC_JR_IT_TECH,FG_PUBLIC,RL_IC_JR,IT_TECH,60,52,50,52,54,36,72,75,67,65,67,0,assumed,v1,2026-03-17T01:02:07
BM_FG_PUBLIC_RL_IC_JR_FINANCE,FG_PUBLIC,RL_IC_JR,FINANCE,61,52,55,47,54,36,72,76,67,70,62,0,assumed,v1,2026-03-17T01:02:07
BM_FG_PUBLIC_RL_IC_JR_MANUFACTURING,FG_PUBLIC,RL_IC_JR,MANUFACTURING,59,52,53,45,52,34,70,74,67,68,60,0,assumed,v1,2026-03-17T01:02:07
BM_FG_PUBLIC_RL_IC_JR_HEALTHCARE,FG_PUBLIC,RL_IC_JR,HEALTHCARE,62,54,50,44,52,34,70,77,69,65,59,0,assumed,v1,2026-03-17T01:02:07
BM_FG_PUBLIC_RL_IC_JR_EDUCATION,FG_PUBLIC,RL_IC_JR,EDUCATION,60,55,50,47,53,35,71,75,70,65,62,0,assumed,v1,2026-03-17T01:02:07
BM_FG_PUBLIC_RL_IC_JR_RETAIL_TRADE,FG_PUBLIC,RL_IC_JR,RETAIL_TRADE,57,54,53,47,53,35,71,72,69,68,62,0,assumed,v1,2026-03-17T01:02:07
BM_FG_PUBLIC_RL_IC_MID_ALL,FG_PUBLIC,RL_IC_MID,ALL,65,60,58,55,60,42,78,80,75,73,70,0,assumed,v1,2026-03-17T01:02:07
BM_FG_PUBLIC_RL_IC_MID_IT_TECH,FG_PUBLIC,RL_IC_MID,IT_TECH,68,60,58,60,62,44,80,83,75,73,75,0,assumed,v1,2026-03-17T01:02:07
BM_FG_PUBLIC_RL_IC_MID_FINANCE,FG_PUBLIC,RL_IC_MID,FINANCE,69,60,63,55,62,44,80,84,75,78,70,0,assumed,v1,2026-03-17T01:02:07
BM_FG_PUBLIC_RL_IC_MID_MANUFACTURING,FG_PUBLIC,RL_IC_MID,MANUFACTURING,67,60,61,53,60,42,78,82,75,76,68,0,assumed,v1,2026-03-17T01:02:07
BM_FG_PUBLIC_RL_IC_MID_HEALTHCARE,FG_PUBLIC,RL_IC_MID,HEALTHCARE,70,62,58,52,60,42,78,85,77,73,67,0,assumed,v1,2026-03-17T01:02:07
BM_FG_PUBLIC_RL_IC_MID_EDUCATION,FG_PUBLIC,RL_IC_MID,EDUCATION,68,63,58,55,61,43,79,83,78,73,70,0,assumed,v1,2026-03-17T01:02:07
BM_FG_PUBLIC_RL_IC_MID_RETAIL_TRADE,FG_PUBLIC,RL_IC_MID,RETAIL_TRADE,65,62,61,55,61,43,79,80,77,76,70,0,assumed,v1,2026-03-17T01:02:07
BM_FG_PUBLIC_RL_IC_SR_ALL,FG_PUBLIC,RL_IC_SR,ALL,71,66,64,61,66,48,84,86,81,79,76,0,assumed,v1,2026-03-17T01:02:07
BM_FG_PUBLIC_RL_IC_SR_IT_TECH,FG_PUBLIC,RL_IC_SR,IT_TECH,74,66,64,66,68,50,86,89,81,79,81,0,assumed,v1,2026-03-17T01:02:07
BM_FG_PUBLIC_RL_IC_SR_FINANCE,FG_PUBLIC,RL_IC_SR,FINANCE,75,66,69,61,68,50,86,90,81,84,76,0,assumed,v1,2026-03-17T01:02:07
BM_FG_PUBLIC_RL_IC_SR_MANUFACTURING,FG_PUBLIC,RL_IC_SR,MANUFACTURING,73,66,67,59,66,48,84,88,81,82,74,0,assumed,v1,2026-03-17T01:02:07
BM_FG_PUBLIC_RL_IC_SR_HEALTHCARE,FG_PUBLIC,RL_IC_SR,HEALTHCARE,76,68,64,58,66,48,84,91,83,79,73,0,assumed,v1,2026-03-17T01:02:07
BM_FG_PUBLIC_RL_IC_SR_EDUCATION,FG_PUBLIC,RL_IC_SR,EDUCATION,74,69,64,61,67,49,85,89,84,79,76,0,assumed,v1,2026-03-17T01:02:07
BM_FG_PUBLIC_RL_IC_SR_RETAIL_TRADE,FG_PUBLIC,RL_IC_SR,RETAIL_TRADE,71,68,67,61,67,49,85,86,83,82,76,0,assumed,v1,2026-03-17T01:02:07
BM_FG_PUBLIC_RL_LEAD_ALL,FG_PUBLIC,RL_LEAD,ALL,75,70,68,65,70,52,88,90,85,83,80,0,assumed,v1,2026-03-17T01:02:07
BM_FG_PUBLIC_RL_LEAD_IT_TECH,FG_PUBLIC,RL_LEAD,IT_TECH,78,70,68,70,72,54,90,93,85,83,85,0,assumed,v1,2026-03-17T01:02:07
BM_FG_PUBLIC_RL_LEAD_FINANCE,FG_PUBLIC,RL_LEAD,FINANCE,79,70,73,65,72,54,90,94,85,88,80,0,assumed,v1,2026-03-17T01:02:07
BM_FG_PUBLIC_RL_LEAD_MANUFACTURING,FG_PUBLIC,RL_LEAD,MANUFACTURING,77,70,71,63,70,52,88,92,85,86,78,0,assumed,v1,2026-03-17T01:02:07
BM_FG_PUBLIC_RL_LEAD_HEALTHCARE,FG_PUBLIC,RL_LEAD,HEALTHCARE,80,72,68,62,70,52,88,95,87,83,77,0,assumed,v1,2026-03-17T01:02:07
BM_FG_PUBLIC_RL_LEAD_EDUCATION,FG_PUBLIC,RL_LEAD,EDUCATION,78,73,68,65,71,53,89,93,88,83,80,0,assumed,v1,2026-03-17T01:02:07
BM_FG_PUBLIC_RL_LEAD_RETAIL_TRADE,FG_PUBLIC,RL_LEAD,RETAIL_TRADE,75,72,71,65,71,53,89,90,87,86,80,0,assumed,v1,2026-03-17T01:02:07
BM_FG_PUBLIC_RL_MGR_ALL,FG_PUBLIC,RL_MGR,ALL,77,72,70,67,72,54,90,92,87,85,82,0,assumed,v1,2026-03-17T01:02:07
BM_FG_PUBLIC_RL_MGR_IT_TECH,FG_PUBLIC,RL_MGR,IT_TECH,80,72,70,72,74,56,92,95,87,85,87,0,assumed,v1,2026-03-17T01:02:07
BM_FG_PUBLIC_RL_MGR_FINANCE,FG_PUBLIC,RL_MGR,FINANCE,81,72,75,67,74,56,92,96,87,90,82,0,assumed,v1,2026-03-17T01:02:07
BM_FG_PUBLIC_RL_MGR_MANUFACTURING,FG_PUBLIC,RL_MGR,MANUFACTURING,79,72,73,65,72,54,90,94,87,88,80,0,assumed,v1,2026-03-17T01:02:07
BM_FG_PUBLIC_RL_MGR_HEALTHCARE,FG_PUBLIC,RL_MGR,HEALTHCARE,82,74,70,64,72,54,90,97,89,85,79,0,assumed,v1,2026-03-17T01:02:07
BM_FG_PUBLIC_RL_MGR_EDUCATION,FG_PUBLIC,RL_MGR,EDUCATION,80,75,70,67,73,55,91,95,90,85,82,0,assumed,v1,2026-03-17T01:02:07
BM_FG_PUBLIC_RL_MGR_RETAIL_TRADE,FG_PUBLIC,RL_MGR,RETAIL_TRADE,77,74,73,67,73,55,91,92,89,88,82,0,assumed,v1,2026-03-17T01:02:07
BM_FG_STRATEGY_RL_IC_JR_ALL,FG_STRATEGY,RL_IC_JR,ALL,60,60,60,57,59,41,77,75,75,75,72,0,assumed,v1,2026-03-17T01:02:07
BM_FG_STRATEGY_RL_IC_JR_IT_TECH,FG_STRATEGY,RL_IC_JR,IT_TECH,63,60,60,62,61,43,79,78,75,75,77,0,assumed,v1,2026-03-17T01:02:07
BM_FG_STRATEGY_RL_IC_JR_FINANCE,FG_STRATEGY,RL_IC_JR,FINANCE,64,60,65,57,62,44,80,79,75,80,72,0,assumed,v1,2026-03-17T01:02:07
BM_FG_STRATEGY_RL_IC_JR_MANUFACTURING,FG_STRATEGY,RL_IC_JR,MANUFACTURING,62,60,63,55,60,42,78,77,75,78,70,0,assumed,v1,2026-03-17T01:02:07
BM_FG_STRATEGY_RL_IC_JR_HEALTHCARE,FG_STRATEGY,RL_IC_JR,HEALTHCARE,65,62,60,54,60,42,78,80,77,75,69,0,assumed,v1,2026-03-17T01:02:07
BM_FG_STRATEGY_RL_IC_JR_EDUCATION,FG_STRATEGY,RL_IC_JR,EDUCATION,63,63,60,57,61,43,79,78,78,75,72,0,assumed,v1,2026-03-17T01:02:07
BM_FG_STRATEGY_RL_IC_JR_RETAIL_TRADE,FG_STRATEGY,RL_IC_JR,RETAIL_TRADE,60,62,63,57,60,42,78,75,77,78,72,0,assumed,v1,2026-03-17T01:02:07
BM_FG_STRATEGY_RL_IC_MID_ALL,FG_STRATEGY,RL_IC_MID,ALL,68,68,68,65,67,49,85,83,83,83,80,0,assumed,v1,2026-03-17T01:02:07
BM_FG_STRATEGY_RL_IC_MID_IT_TECH,FG_STRATEGY,RL_IC_MID,IT_TECH,71,68,68,70,69,51,87,86,83,83,85,0,assumed,v1,2026-03-17T01:02:07
BM_FG_STRATEGY_RL_IC_MID_FINANCE,FG_STRATEGY,RL_IC_MID,FINANCE,72,68,73,65,70,52,88,87,83,88,80,0,assumed,v1,2026-03-17T01:02:07
BM_FG_STRATEGY_RL_IC_MID_MANUFACTURING,FG_STRATEGY,RL_IC_MID,MANUFACTURING,70,68,71,63,68,50,86,85,83,86,78,0,assumed,v1,2026-03-17T01:02:07
BM_FG_STRATEGY_RL_IC_MID_HEALTHCARE,FG_STRATEGY,RL_IC_MID,HEALTHCARE,73,70,68,62,68,50,86,88,85,83,77,0,assumed,v1,2026-03-17T01:02:07
BM_FG_STRATEGY_RL_IC_MID_EDUCATION,FG_STRATEGY,RL_IC_MID,EDUCATION,71,71,68,65,69,51,87,86,86,83,80,0,assumed,v1,2026-03-17T01:02:07
BM_FG_STRATEGY_RL_IC_MID_RETAIL_TRADE,FG_STRATEGY,RL_IC_MID,RETAIL_TRADE,68,70,71,65,68,50,86,83,85,86,80,0,assumed,v1,2026-03-17T01:02:07
BM_FG_STRATEGY_RL_IC_SR_ALL,FG_STRATEGY,RL_IC_SR,ALL,74,74,74,71,73,55,91,89,89,89,86,0,assumed,v1,2026-03-17T01:02:07
BM_FG_STRATEGY_RL_IC_SR_IT_TECH,FG_STRATEGY,RL_IC_SR,IT_TECH,77,74,74,76,75,57,93,92,89,89,91,0,assumed,v1,2026-03-17T01:02:07
BM_FG_STRATEGY_RL_IC_SR_FINANCE,FG_STRATEGY,RL_IC_SR,FINANCE,78,74,79,71,76,58,94,93,89,94,86,0,assumed,v1,2026-03-17T01:02:07
BM_FG_STRATEGY_RL_IC_SR_MANUFACTURING,FG_STRATEGY,RL_IC_SR,MANUFACTURING,76,74,77,69,74,56,92,91,89,92,84,0,assumed,v1,2026-03-17T01:02:07
BM_FG_STRATEGY_RL_IC_SR_HEALTHCARE,FG_STRATEGY,RL_IC_SR,HEALTHCARE,79,76,74,68,74,56,92,94,91,89,83,0,assumed,v1,2026-03-17T01:02:07
BM_FG_STRATEGY_RL_IC_SR_EDUCATION,FG_STRATEGY,RL_IC_SR,EDUCATION,77,77,74,71,75,57,93,92,92,89,86,0,assumed,v1,2026-03-17T01:02:07
BM_FG_STRATEGY_RL_IC_SR_RETAIL_TRADE,FG_STRATEGY,RL_IC_SR,RETAIL_TRADE,74,76,77,71,74,56,92,89,91,92,86,0,assumed,v1,2026-03-17T01:02:07
BM_FG_STRATEGY_RL_LEAD_ALL,FG_STRATEGY,RL_LEAD,ALL,78,78,78,75,77,59,95,93,93,93,90,0,assumed,v1,2026-03-17T01:02:07
BM_FG_STRATEGY_RL_LEAD_IT_TECH,FG_STRATEGY,RL_LEAD,IT_TECH,81,78,78,80,79,61,97,96,93,93,95,0,assumed,v1,2026-03-17T01:02:07
BM_FG_STRATEGY_RL_LEAD_FINANCE,FG_STRATEGY,RL_LEAD,FINANCE,82,78,83,75,80,62,98,97,93,98,90,0,assumed,v1,2026-03-17T01:02:07
BM_FG_STRATEGY_RL_LEAD_MANUFACTURING,FG_STRATEGY,RL_LEAD,MANUFACTURING,80,78,81,73,78,60,96,95,93,96,88,0,assumed,v1,2026-03-17T01:02:07
BM_FG_STRATEGY_RL_LEAD_HEALTHCARE,FG_STRATEGY,RL_LEAD,HEALTHCARE,83,80,78,72,78,60,96,98,95,93,87,0,assumed,v1,2026-03-17T01:02:07
BM_FG_STRATEGY_RL_LEAD_EDUCATION,FG_STRATEGY,RL_LEAD,EDUCATION,81,81,78,75,79,61,97,96,96,93,90,0,assumed,v1,2026-03-17T01:02:07
BM_FG_STRATEGY_RL_LEAD_RETAIL_TRADE,FG_STRATEGY,RL_LEAD,RETAIL_TRADE,78,80,81,75,78,60,96,93,95,96,90,0,assumed,v1,2026-03-17T01:02:07
BM_FG_STRATEGY_RL_MGR_ALL,FG_STRATEGY,RL_MGR,ALL,80,80,80,77,79,61,97,95,95,95,92,0,assumed,v1,2026-03-17T01:02:07
BM_FG_STRATEGY_RL_MGR_IT_TECH,FG_STRATEGY,RL_MGR,IT_TECH,83,80,80,82,81,63,99,98,95,95,97,0,assumed,v1,2026-03-17T01:02:07
BM_FG_STRATEGY_RL_MGR_FINANCE,FG_STRATEGY,RL_MGR,FINANCE,84,80,85,77,82,64,100,99,95,100,92,0,assumed,v1,2026-03-17T01:02:07
BM_FG_STRATEGY_RL_MGR_MANUFACTURING,FG_STRATEGY,RL_MGR,MANUFACTURING,82,80,83,75,80,62,98,97,95,98,90,0,assumed,v1,2026-03-17T01:02:07
BM_FG_STRATEGY_RL_MGR_HEALTHCARE,FG_STRATEGY,RL_MGR,HEALTHCARE,85,82,80,74,80,62,98,100,97,95,89,0,assumed,v1,2026-03-17T01:02:07
BM_FG_STRATEGY_RL_MGR_EDUCATION,FG_STRATEGY,RL_MGR,EDUCATION,83,83,80,77,81,63,99,98,98,95,92,0,assumed,v1,2026-03-17T01:02:07
BM_FG_STRATEGY_RL_MGR_RETAIL_TRADE,FG_STRATEGY,RL_MGR,RETAIL_TRADE,80,82,83,77,80,62,98,95,97,98,92,0,assumed,v1,2026-03-17T01:02:07
BM_FG_PRODUCT_MD_RL_IC_JR_ALL,FG_PRODUCT_MD,RL_IC_JR,ALL,54,57,60,55,56,38,74,69,72,75,70,0,assumed,v1,2026-03-17T01:02:07
BM_FG_PRODUCT_MD_RL_IC_JR_IT_TECH,FG_PRODUCT_MD,RL_IC_JR,IT_TECH,57,57,60,60,58,40,76,72,72,75,75,0,assumed,v1,2026-03-17T01:02:07
BM_FG_PRODUCT_MD_RL_IC_JR_FINANCE,FG_PRODUCT_MD,RL_IC_JR,FINANCE,58,57,65,55,59,41,77,73,72,80,70,0,assumed,v1,2026-03-17T01:02:07
BM_FG_PRODUCT_MD_RL_IC_JR_MANUFACTURING,FG_PRODUCT_MD,RL_IC_JR,MANUFACTURING,56,57,63,53,57,39,75,71,72,78,68,0,assumed,v1,2026-03-17T01:02:07
BM_FG_PRODUCT_MD_RL_IC_JR_HEALTHCARE,FG_PRODUCT_MD,RL_IC_JR,HEALTHCARE,59,59,60,52,58,40,76,74,74,75,67,0,assumed,v1,2026-03-17T01:02:07
BM_FG_PRODUCT_MD_RL_IC_JR_EDUCATION,FG_PRODUCT_MD,RL_IC_JR,EDUCATION,57,60,60,55,58,40,76,72,75,75,70,0,assumed,v1,2026-03-17T01:02:07
BM_FG_PRODUCT_MD_RL_IC_JR_RETAIL_TRADE,FG_PRODUCT_MD,RL_IC_JR,RETAIL_TRADE,54,59,63,55,58,40,76,69,74,78,70,0,assumed,v1,2026-03-17T01:02:07
BM_FG_PRODUCT_MD_RL_IC_MID_ALL,FG_PRODUCT_MD,RL_IC_MID,ALL,62,65,68,63,64,46,82,77,80,83,78,0,assumed,v1,2026-03-17T01:02:07
BM_FG_PRODUCT_MD_RL_IC_MID_IT_TECH,FG_PRODUCT_MD,RL_IC_MID,IT_TECH,65,65,68,68,66,48,84,80,80,83,83,0,assumed,v1,2026-03-17T01:02:07
BM_FG_PRODUCT_MD_RL_IC_MID_FINANCE,FG_PRODUCT_MD,RL_IC_MID,FINANCE,66,65,73,63,67,49,85,81,80,88,78,0,assumed,v1,2026-03-17T01:02:07
BM_FG_PRODUCT_MD_RL_IC_MID_MANUFACTURING,FG_PRODUCT_MD,RL_IC_MID,MANUFACTURING,64,65,71,61,65,47,83,79,80,86,76,0,assumed,v1,2026-03-17T01:02:07
BM_FG_PRODUCT_MD_RL_IC_MID_HEALTHCARE,FG_PRODUCT_MD,RL_IC_MID,HEALTHCARE,67,67,68,60,66,48,84,82,82,83,75,0,assumed,v1,2026-03-17T01:02:07
BM_FG_PRODUCT_MD_RL_IC_MID_EDUCATION,FG_PRODUCT_MD,RL_IC_MID,EDUCATION,65,68,68,63,66,48,84,80,83,83,78,0,assumed,v1,2026-03-17T01:02:07
BM_FG_PRODUCT_MD_RL_IC_MID_RETAIL_TRADE,FG_PRODUCT_MD,RL_IC_MID,RETAIL_TRADE,62,67,71,63,66,48,84,77,82,86,78,0,assumed,v1,2026-03-17T01:02:07
BM_FG_PRODUCT_MD_RL_IC_SR_ALL,FG_PRODUCT_MD,RL_IC_SR,ALL,68,71,74,69,70,52,88,83,86,89,84,0,assumed,v1,2026-03-17T01:02:07
BM_FG_PRODUCT_MD_RL_IC_SR_IT_TECH,FG_PRODUCT_MD,RL_IC_SR,IT_TECH,71,71,74,74,72,54,90,86,86,89,89,0,assumed,v1,2026-03-17T01:02:07
BM_FG_PRODUCT_MD_RL_IC_SR_FINANCE,FG_PRODUCT_MD,RL_IC_SR,FINANCE,72,71,79,69,73,55,91,87,86,94,84,0,assumed,v1,2026-03-17T01:02:07
BM_FG_PRODUCT_MD_RL_IC_SR_MANUFACTURING,FG_PRODUCT_MD,RL_IC_SR,MANUFACTURING,70,71,77,67,71,53,89,85,86,92,82,0,assumed,v1,2026-03-17T01:02:07
BM_FG_PRODUCT_MD_RL_IC_SR_HEALTHCARE,FG_PRODUCT_MD,RL_IC_SR,HEALTHCARE,73,73,74,66,72,54,90,88,88,89,81,0,assumed,v1,2026-03-17T01:02:07
BM_FG_PRODUCT_MD_RL_IC_SR_EDUCATION,FG_PRODUCT_MD,RL_IC_SR,EDUCATION,71,74,74,69,72,54,90,86,89,89,84,0,assumed,v1,2026-03-17T01:02:07
BM_FG_PRODUCT_MD_RL_IC_SR_RETAIL_TRADE,FG_PRODUCT_MD,RL_IC_SR,RETAIL_TRADE,68,73,77,69,72,54,90,83,88,92,84,0,assumed,v1,2026-03-17T01:02:07
BM_FG_PRODUCT_MD_RL_LEAD_ALL,FG_PRODUCT_MD,RL_LEAD,ALL,72,75,78,73,74,56,92,87,90,93,88,0,assumed,v1,2026-03-17T01:02:07
BM_FG_PRODUCT_MD_RL_LEAD_IT_TECH,FG_PRODUCT_MD,RL_LEAD,IT_TECH,75,75,78,78,76,58,94,90,90,93,93,0,assumed,v1,2026-03-17T01:02:07
BM_FG_PRODUCT_MD_RL_LEAD_FINANCE,FG_PRODUCT_MD,RL_LEAD,FINANCE,76,75,83,73,77,59,95,91,90,98,88,0,assumed,v1,2026-03-17T01:02:07
BM_FG_PRODUCT_MD_RL_LEAD_MANUFACTURING,FG_PRODUCT_MD,RL_LEAD,MANUFACTURING,74,75,81,71,75,57,93,89,90,96,86,0,assumed,v1,2026-03-17T01:02:07
BM_FG_PRODUCT_MD_RL_LEAD_HEALTHCARE,FG_PRODUCT_MD,RL_LEAD,HEALTHCARE,77,77,78,70,76,58,94,92,92,93,85,0,assumed,v1,2026-03-17T01:02:07
BM_FG_PRODUCT_MD_RL_LEAD_EDUCATION,FG_PRODUCT_MD,RL_LEAD,EDUCATION,75,78,78,73,76,58,94,90,93,93,88,0,assumed,v1,2026-03-17T01:02:07
BM_FG_PRODUCT_MD_RL_LEAD_RETAIL_TRADE,FG_PRODUCT_MD,RL_LEAD,RETAIL_TRADE,72,77,81,73,76,58,94,87,92,96,88,0,assumed,v1,2026-03-17T01:02:07
BM_FG_PRODUCT_MD_RL_MGR_ALL,FG_PRODUCT_MD,RL_MGR,ALL,74,77,80,75,76,58,94,89,92,95,90,0,assumed,v1,2026-03-17T01:02:07
BM_FG_PRODUCT_MD_RL_MGR_IT_TECH,FG_PRODUCT_MD,RL_MGR,IT_TECH,77,77,80,80,78,60,96,92,92,95,95,0,assumed,v1,2026-03-17T01:02:07
BM_FG_PRODUCT_MD_RL_MGR_FINANCE,FG_PRODUCT_MD,RL_MGR,FINANCE,78,77,85,75,79,61,97,93,92,100,90,0,assumed,v1,2026-03-17T01:02:07
BM_FG_PRODUCT_MD_RL_MGR_MANUFACTURING,FG_PRODUCT_MD,RL_MGR,MANUFACTURING,76,77,83,73,77,59,95,91,92,98,88,0,assumed,v1,2026-03-17T01:02:07
BM_FG_PRODUCT_MD_RL_MGR_HEALTHCARE,FG_PRODUCT_MD,RL_MGR,HEALTHCARE,79,79,80,72,78,60,96,94,94,95,87,0,assumed,v1,2026-03-17T01:02:07
BM_FG_PRODUCT_MD_RL_MGR_EDUCATION,FG_PRODUCT_MD,RL_MGR,EDUCATION,77,80,80,75,78,60,96,92,95,95,90,0,assumed,v1,2026-03-17T01:02:07
BM_FG_PRODUCT_MD_RL_MGR_RETAIL_TRADE,FG_PRODUCT_MD,RL_MGR,RETAIL_TRADE,74,79,83,75,78,60,96,89,94,98,90,0,assumed,v1,2026-03-17T01:02:07
