bridge_id,keco_code,keco_name,keco_major_name,keco_middle_name,keco_small_name,matched_ksco_code,jf_code,jf_name,jf_group_num,jf_group_label,mapping_method,confidence,status,source_version,created_at,updated_at,notes
BKJ_0001,0111,의회 의원,경영·사무·금융·보험직,관리직(임원·부서장),의회의원·고위공무원 및 기업 고위임원,1111,JF_PUB_01,공무원·공공기관직,21,공공·복지,name_match,high,active,KECO_2025/JF_v12,2026-03-23,2026-03-23,
BKJ_0002,0112,고위 공무원 및 정당·특수 단체 임원,경영·사무·금융·보험직,관리직(임원·부서장),의회의원·고위공무원 및 기업 고위임원,1112,JF_PUB_01,공무원·공공기관직,21,공공·복지,name_match,high,active,KECO_2025/JF_v12,2026-03-23,2026-03-23,
BKJ_0003,0113,기업 대표 및 기업 고위 임원,경영·사무·금융·보험직,관리직(임원·부서장),의회의원·고위공무원 및 기업 고위임원,1120,JF_STR_05,경영지원·일반관리,01,기획·전략,name_match,high,active,KECO_2025/JF_v12,2026-03-23,2026-03-23,
BKJ_0004,0121,정부 행정 관리자,경영·사무·금융·보험직,관리직(임원·부서장),행정·경영·금융·보험 관리자,1211,JF_PUB_01,공무원·공공기관직,21,공공·복지,name_match,high,active,KECO_2025/JF_v12,2026-03-23,2026-03-23,
BKJ_0005,0122,경영 지원 관리자,경영·사무·금융·보험직,관리직(임원·부서장),행정·경영·금융·보험 관리자,1212,JF_STR_05,경영지원·일반관리,01,기획·전략,name_match,high,active,KECO_2025/JF_v12,2026-03-23,2026-03-23,
BKJ_0006,0123,마케팅 및 광고·홍보 관리자,경영·사무·금융·보험직,관리직(임원·부서장),행정·경영·금융·보험 관리자,1220,JF_MKT_01,브랜드마케팅,02,마케팅·홍보·조사,name_match,high,active,KECO_2025/JF_v12,2026-03-23,2026-03-23,
BKJ_0007,0124,금융 및 보험 관리자,경영·사무·금융·보험직,관리직(임원·부서장),행정·경영·금융·보험 관리자,,JF_FIN_01,재무기획·FP&A·IR,03,회계·세무·재무,manual_confirmed,high,active,KECO_2025/JF_v12,2026-03-23,2026-03-24,
BKJ_0008,0131,연구 관리자,경영·사무·금융·보험직,관리직(임원·부서장),전문서비스 관리자,1311,JF_RND_01,자연과학·생명과학R&D,18,연구·R&D,name_match,high,active,KECO_2025/JF_v12,2026-03-23,2026-03-23,
BKJ_0009,0132,교육 관리자,경영·사무·금융·보험직,관리직(임원·부서장),전문서비스 관리자,1312,JF_EDU_01,유아·초중고 교사·보육교사,20,교육,name_match,high,active,KECO_2025/JF_v12,2026-03-23,2026-03-23,
BKJ_0010,0133,법률·경찰·소방 및 교도 관리자,경영·사무·금융·보험직,관리직(임원·부서장),전문서비스 관리자,1313,JF_PUB_04,군무원·경찰·소방,21,공공·복지,name_match,high,active,KECO_2025/JF_v12,2026-03-23,2026-03-23,
BKJ_0011,0134,보건 의료 관련 관리자,경영·사무·금융·보험직,관리직(임원·부서장),전문서비스 관리자,1331,JF_PUB_05,보건·방역·사회서비스직,21,공공·복지,name_match,high,active,KECO_2025/JF_v12,2026-03-23,2026-03-23,
BKJ_0012,0135,사회복지 관련 관리자,경영·사무·금융·보험직,관리직(임원·부서장),전문서비스 관리자,1332,JF_SOC_01,사회복지사·요양보호사,19,의료·복지,name_match,high,active,KECO_2025/JF_v12,2026-03-23,2026-03-23,
BKJ_0013,0136,문화·예술 관련 관리자,경영·사무·금융·보험직,관리직(임원·부서장),전문서비스 관리자,1340,JF_SVC_02,식·음료·F&B,15,서비스·식음료,name_match,high,active,KECO_2025/JF_v12,2026-03-23,2026-03-23,
BKJ_0014,0137,정보 통신 관련 관리자,경영·사무·금융·보험직,관리직(임원·부서장),전문서비스 관리자,1350,JF_AI_08,시스템·네트워크엔지니어,07,AI·데이터·인프라,name_match,high,active,KECO_2025/JF_v12,2026-03-23,2026-03-23,
BKJ_0015,0139,기타 전문 서비스 관리자,경영·사무·금융·보험직,관리직(임원·부서장),전문서비스 관리자,1390,JF_STR_02,경영컨설팅·자문,01,기획·전략,name_match,high,active,KECO_2025/JF_v12,2026-03-23,2026-03-23,
BKJ_0016,0141,숙박·여행·오락 및 스포츠 관련 관리자,경영·사무·금융·보험직,관리직(임원·부서장),미용·여행·숙박·음식·경비·청소 관리자,1521,JF_SVC_01,호텔·항공·여행,15,서비스·식음료,name_match,high,active,KECO_2025/JF_v12,2026-03-23,2026-03-23,
BKJ_0017,0142,음식 서비스 관련 관리자,경영·사무·금융·보험직,관리직(임원·부서장),미용·여행·숙박·음식·경비·청소 관리자,1522,JF_SVC_02,식·음료·F&B,15,서비스·식음료,name_match,high,active,KECO_2025/JF_v12,2026-03-23,2026-03-23,
BKJ_0018,0143,환경·청소 및 경비 관련 관리자,경영·사무·금융·보험직,관리직(임원·부서장),미용·여행·숙박·음식·경비·청소 관리자,1530,JF_SVC_07,공공·사회서비스현장직,15,서비스·식음료,name_match,high,active,KECO_2025/JF_v12,2026-03-23,2026-03-23,
BKJ_0019,0151,영업 및 판매 관련 관리자,경영·사무·금융·보험직,관리직(임원·부서장),영업·판매·운송 관리자,1511,JF_SAL_01,B2B영업·법인영업,09,영업·판매·무역,name_match,high,active,KECO_2025/JF_v12,2026-03-23,2026-03-23,
BKJ_0020,0152,운송 관련 관리자,경영·사무·금융·보험직,관리직(임원·부서장),영업·판매·운송 관리자,1512,JF_OPS_06,운전·배송·물류현장직,11,구매·자재·물류,name_match,high,active,KECO_2025/JF_v12,2026-03-23,2026-03-23,
BKJ_0021,0159,기타 판매 및 고객 서비스 관리자,경영·사무·금융·보험직,관리직(임원·부서장),영업·판매·운송 관리자,1590,JF_SAL_06,영업관리·영업지원,09,영업·판매·무역,name_match,high,active,KECO_2025/JF_v12,2026-03-23,2026-03-23,
BKJ_0022,0161,건설 및 광업 관련 관리자,경영·사무·금융·보험직,관리직(임원·부서장),건설·채굴·제조·생산 관리자,1411,JF_MFG_05,전기·전자·반도체엔지니어,13,생산·품질·안전,name_match,high,active,KECO_2025/JF_v12,2026-03-23,2026-03-23,
BKJ_0023,0162,전기·가스 및 수도 관련 관리자,경영·사무·금융·보험직,관리직(임원·부서장),건설·채굴·제조·생산 관리자,1412,JF_MFG_05,전기·전자·반도체엔지니어,13,생산·품질·안전,name_match,high,active,KECO_2025/JF_v12,2026-03-23,2026-03-23,
BKJ_0024,0163,제품 생산 관련 관리자,경영·사무·금융·보험직,관리직(임원·부서장),건설·채굴·제조·생산 관리자,1413,JF_MFG_05,전기·전자·반도체엔지니어,13,생산·품질·안전,name_match,high,active,KECO_2025/JF_v12,2026-03-23,2026-03-23,
BKJ_0025,0169,기타 건설·전기 및 생산 관련 관리자,경영·사무·금융·보험직,관리직(임원·부서장),건설·채굴·제조·생산 관리자,1490,JF_MFG_05,전기·전자·반도체엔지니어,13,생산·품질·안전,name_match,high,active,KECO_2025/JF_v12,2026-03-23,2026-03-23,
BKJ_0026,0211,정부 행정 전문가,경영·사무·금융·보험직,경영·행정·사무직,정부행정 전문가 및 관련 종사자,2721,JF_FIN_04,자금·예산관리,03,회계·세무·재무,name_match,high,active,KECO_2025/JF_v12,2026-03-23,2026-03-23,
BKJ_0027,0212,행정사,경영·사무·금융·보험직,경영·행정·사무직,정부행정 전문가 및 관련 종사자,2722,JF_FIN_04,자금·예산관리,03,회계·세무·재무,name_match,high,active,KECO_2025/JF_v12,2026-03-23,2026-03-23,
BKJ_0028,0221,경영 및 진단 전문가,경영·사무·금융·보험직,경영·행정·사무직,경영·인사 전문가,2815,JF_STR_01,경영기획·사업기획,01,기획·전략,name_match,high,active,KECO_2025/JF_v12,2026-03-23,2026-03-23,
BKJ_0029,0222,인사 및 노사 관련 전문가,경영·사무·금융·보험직,경영·행정·사무직,경영·인사 전문가,2811,JF_PRO_04,공인노무사,22,전문직·자격사,name_match,high,active,KECO_2025/JF_v12,2026-03-23,2026-03-23,
BKJ_0030,0231,회계사,경영·사무·금융·보험직,경영·행정·사무직,회계·세무·감정 전문가,2812,JF_FIN_01,재무기획·FP&A·IR,03,회계·세무·재무,name_match,high,active,KECO_2025/JF_v12,2026-03-23,2026-03-23,
BKJ_0031,0232,세무사,경영·사무·금융·보험직,경영·행정·사무직,회계·세무·감정 전문가,2813,JF_PRO_05,세무사·공인회계사,22,전문직·자격사,name_match,high,active,KECO_2025/JF_v12,2026-03-23,2026-03-23,
BKJ_0032,0233,관세사,경영·사무·금융·보험직,경영·행정·사무직,회계·세무·감정 전문가,2814,JF_PRO_05,세무사·공인회계사,22,전문직·자격사,name_match,high,active,KECO_2025/JF_v12,2026-03-23,2026-03-23,
BKJ_0033,0234,감정 관련 전문가,경영·사무·금융·보험직,경영·행정·사무직,회계·세무·감정 전문가,2841,JF_PRO_06,감정평가사·공인중개사,22,전문직·자격사,name_match,high,active,KECO_2025/JF_v12,2026-03-23,2026-03-23,
BKJ_0034,0241,광고 및 홍보 전문가,경영·사무·금융·보험직,경영·행정·사무직,광고·조사·상품기획·행사기획 전문가,2833,JF_MKT_07,광고기획·AE,02,마케팅·홍보·조사,name_match,high,active,KECO_2025/JF_v12,2026-03-23,2026-03-23,
BKJ_0035,0242,조사 전문가,경영·사무·금융·보험직,경영·행정·사무직,광고·조사·상품기획·행사기획 전문가,2834,JF_MKT_08,시장조사·리서치·인사이트,02,마케팅·홍보·조사,name_match,high,active,KECO_2025/JF_v12,2026-03-23,2026-03-23,
BKJ_0036,0243,상품 기획 전문가,경영·사무·금융·보험직,경영·행정·사무직,광고·조사·상품기획·행사기획 전문가,2831,JF_STR_04,상품기획·PO·서비스기획,01,기획·전략,name_match,high,active,KECO_2025/JF_v12,2026-03-23,2026-03-23,
BKJ_0037,0244,행사·전시 및 회의 기획자,경영·사무·금융·보험직,경영·행정·사무직,광고·조사·상품기획·행사기획 전문가,2835,JF_MED_01,PD·감독·연출,16,미디어·문화·스포츠,name_match,high,active,KECO_2025/JF_v12,2026-03-23,2026-03-23,
BKJ_0038,0251,조세 행정 사무원,경영·사무·금융·보험직,경영·행정·사무직,정부행정 사무원,3521,JF_FIN_04,자금·예산관리,03,회계·세무·재무,name_match,high,active,KECO_2025/JF_v12,2026-03-23,2026-03-23,
BKJ_0039,0252,관세 행정 사무원,경영·사무·금융·보험직,경영·행정·사무직,정부행정 사무원,3522,JF_FIN_04,자금·예산관리,03,회계·세무·재무,name_match,high,active,KECO_2025/JF_v12,2026-03-23,2026-03-23,
BKJ_0040,0253,병무 행정 사무원,경영·사무·금융·보험직,경영·행정·사무직,정부행정 사무원,3523,JF_FIN_04,자금·예산관리,03,회계·세무·재무,name_match,high,active,KECO_2025/JF_v12,2026-03-23,2026-03-23,
BKJ_0041,0259,기타 정부 행정 사무원,경영·사무·금융·보험직,경영·행정·사무직,정부행정 사무원,3529,JF_FIN_04,자금·예산관리,03,회계·세무·재무,name_match,high,active,KECO_2025/JF_v12,2026-03-23,2026-03-23,
BKJ_0042,0261,경영 기획 사무원,경영·사무·금융·보험직,경영·행정·사무직,경영지원 사무원,3111,JF_HR_01,인사기획·HR제너럴리스트,04,인사·노무·HRD,name_match,high,active,KECO_2025/JF_v12,2026-03-23,2026-03-23,
BKJ_0043,0262,영업 및 마케팅 사무원,경영·사무·금융·보험직,경영·행정·사무직,경영지원 사무원,3112,JF_HR_01,인사기획·HR제너럴리스트,04,인사·노무·HRD,name_match,high,active,KECO_2025/JF_v12,2026-03-23,2026-03-23,
BKJ_0044,0263,인사 및 노무 사무원,경영·사무·금융·보험직,경영·행정·사무직,경영지원 사무원,3121,JF_HR_01,인사기획·HR제너럴리스트,04,인사·노무·HRD,name_match,high,active,KECO_2025/JF_v12,2026-03-23,2026-03-23,
BKJ_0045,0264,교육 및 훈련 사무원,경영·사무·금융·보험직,경영·행정·사무직,경영지원 사무원,3122,JF_HR_01,인사기획·HR제너럴리스트,04,인사·노무·HRD,name_match,high,active,KECO_2025/JF_v12,2026-03-23,2026-03-23,
BKJ_0046,0265,총무 사무원 및 대학 행정조교,경영·사무·금융·보험직,경영·행정·사무직,경영지원 사무원,3710,JF_HR_04,조직개발·OD·조직문화,04,인사·노무·HRD,name_match,high,active,KECO_2025/JF_v12,2026-03-23,2026-03-23,
BKJ_0047,0266,감사 사무원,경영·사무·금융·보험직,경영·행정·사무직,경영지원 사무원,3512,JF_FIN_04,자금·예산관리,03,회계·세무·재무,name_match,high,active,KECO_2025/JF_v12,2026-03-23,2026-03-23,
BKJ_0048,0271,회계 사무원,경영·사무·금융·보험직,경영·행정·사무직,회계·경리 사무원,3311,JF_FIN_01,재무기획·FP&A·IR,03,회계·세무·재무,name_match,high,active,KECO_2025/JF_v12,2026-03-23,2026-03-23,
BKJ_0049,0272,경리 사무원,경영·사무·금융·보험직,경영·행정·사무직,회계·경리 사무원,3312,JF_FIN_01,재무기획·FP&A·IR,03,회계·세무·재무,name_match,high,active,KECO_2025/JF_v12,2026-03-23,2026-03-23,
BKJ_0050,0281,무역 사무원,경영·사무·금융·보험직,경영·행정·사무직,무역·운송·생산·품질 사무원,3223,JF_SVC_01,호텔·항공·여행,15,서비스·식음료,name_match,high,active,KECO_2025/JF_v12,2026-03-23,2026-03-23,
BKJ_0051,0282,도로 및 철도운송 사무원,경영·사무·금융·보험직,경영·행정·사무직,무역·운송·생산·품질 사무원,3221,JF_SVC_01,호텔·항공·여행,15,서비스·식음료,name_match,high,active,KECO_2025/JF_v12,2026-03-23,2026-03-23,
BKJ_0052,0283,수상 및 항공운송 사무원,경영·사무·금융·보험직,경영·행정·사무직,무역·운송·생산·품질 사무원,3222,JF_SVC_01,호텔·항공·여행,15,서비스·식음료,name_match,high,active,KECO_2025/JF_v12,2026-03-23,2026-03-23,
BKJ_0053,0284,자재관리 사무원,경영·사무·금융·보험직,경영·행정·사무직,무역·운송·생산·품질 사무원,3211,JF_OPS_02,자재관리·재고관리,11,구매·자재·물류,name_match,high,active,KECO_2025/JF_v12,2026-03-23,2026-03-23,
BKJ_0054,0285,생산 및 품질관리 사무원,경영·사무·금융·보험직,경영·행정·사무직,무역·운송·생산·품질 사무원,3212,JF_MFG_02,품질관리·QC·품질보증,13,생산·품질·안전,name_match,high,active,KECO_2025/JF_v12,2026-03-23,2026-03-23,
BKJ_0055,0289,기타 운송 및 무역 사무원,경영·사무·금융·보험직,경영·행정·사무직,무역·운송·생산·품질 사무원,3229,JF_OPS_07,수출입·통관,11,구매·자재·물류,name_match,high,active,KECO_2025/JF_v12,2026-03-23,2026-03-23,
BKJ_0056,0291,안내·접수원 및 전화교환원,경영·사무·금융·보험직,경영·행정·사무직,안내·고객상담·통계·비서 및 기타 사무원,3612,JF_HR_04,조직개발·OD·조직문화,04,인사·노무·HRD,name_match,high,active,KECO_2025/JF_v12,2026-03-23,2026-03-23,
BKJ_0057,0292,고객 상담 및 모니터 요원,경영·사무·금융·보험직,경영·행정·사무직,안내·고객상담·통계·비서 및 기타 사무원,3620,JF_HR_04,조직개발·OD·조직문화,04,인사·노무·HRD,name_match,high,active,KECO_2025/JF_v12,2026-03-23,2026-03-23,
BKJ_0058,0293,통계·데이터 관련 사무원,경영·사무·금융·보험직,경영·행정·사무직,안내·고객상담·통계·비서 및 기타 사무원,3320,JF_AI_04,데이터분석가·BI·DBA,07,AI·데이터·인프라,name_match,high,active,KECO_2025/JF_v12,2026-03-23,2026-03-23,
BKJ_0059,0294,비서,경영·사무·금융·보험직,경영·행정·사무직,안내·고객상담·통계·비서 및 기타 사무원,3721,JF_HR_04,조직개발·OD·조직문화,04,인사·노무·HRD,name_match,high,active,KECO_2025/JF_v12,2026-03-23,2026-03-23,
BKJ_0060,0295,전산 자료 입력원,경영·사무·금융·보험직,경영·행정·사무직,안내·고객상담·통계·비서 및 기타 사무원,3723,JF_HR_04,조직개발·OD·조직문화,04,인사·노무·HRD,name_match,high,active,KECO_2025/JF_v12,2026-03-23,2026-03-23,
BKJ_0061,0296,속기사,경영·사무·금융·보험직,경영·행정·사무직,안내·고객상담·통계·비서 및 기타 사무원,3724,JF_HR_04,조직개발·OD·조직문화,04,인사·노무·HRD,name_match,high,active,KECO_2025/JF_v12,2026-03-23,2026-03-23,
BKJ_0062,0297,자원봉사 관리원,경영·사무·금융·보험직,경영·행정·사무직,안내·고객상담·통계·비서 및 기타 사무원,3725,JF_HR_04,조직개발·OD·조직문화,04,인사·노무·HRD,name_match,high,active,KECO_2025/JF_v12,2026-03-23,2026-03-23,
BKJ_0063,0299,기타 사무 지원 종사원,경영·사무·금융·보험직,경영·행정·사무직,안내·고객상담·통계·비서 및 기타 사무원,3729,JF_HR_04,조직개발·OD·조직문화,04,인사·노무·HRD,name_match,high,active,KECO_2025/JF_v12,2026-03-23,2026-03-23,
BKJ_0064,0311,투자 및 신용 분석가,경영·사무·금융·보험직,금융·보험직,금융·보험 전문가,2821,JF_FIN_01,재무기획·FP&A·IR,03,회계·세무·재무,name_match,high,active,KECO_2025/JF_v12,2026-03-23,2026-03-23,
BKJ_0065,0312,자산 운용가,경영·사무·금융·보험직,금융·보험직,금융·보험 전문가,2822,JF_FIN_01,재무기획·FP&A·IR,03,회계·세무·재무,name_match,high,active,KECO_2025/JF_v12,2026-03-23,2026-03-23,
BKJ_0066,0313,금융 및 보험 상품 개발자,경영·사무·금융·보험직,금융·보험직,금융·보험 전문가,,JF_BNK_05,보험상품개발·계리,17,금융·보험,manual_confirmed,high,active,KECO_2025/JF_v12,2026-03-23,2026-03-24,
BKJ_0067,0314,증권 및 외환 딜러,경영·사무·금융·보험직,금융·보험직,금융·보험 전문가,2824,JF_FIN_01,재무기획·FP&A·IR,03,회계·세무·재무,name_match,high,active,KECO_2025/JF_v12,2026-03-23,2026-03-23,
BKJ_0068,0315,손해 사정사,경영·사무·금융·보험직,금융·보험직,금융·보험 전문가,2825,JF_FIN_01,재무기획·FP&A·IR,03,회계·세무·재무,name_match,high,active,KECO_2025/JF_v12,2026-03-23,2026-03-23,
BKJ_0069,0319,기타 금융 및 보험 관련 전문가,경영·사무·금융·보험직,금융·보험직,금융·보험 전문가,2829,JF_FIN_01,재무기획·FP&A·IR,03,회계·세무·재무,name_match,high,active,KECO_2025/JF_v12,2026-03-23,2026-03-23,
BKJ_0070,0321,은행 사무원,경영·사무·금융·보험직,금융·보험직,금융·보험 사무원,3403,JF_BNK_01,금융사무·은행텔러,17,금융·보험,name_match,high,active,KECO_2025/JF_v12,2026-03-23,2026-03-23,
BKJ_0071,0322,증권 사무원,경영·사무·금융·보험직,금융·보험직,금융·보험 사무원,3404,JF_BNK_09,애널리스트·리서치,17,금융·보험,name_match,high,active,KECO_2025/JF_v12,2026-03-23,2026-03-23,
BKJ_0072,0323,보험 심사원 및 사무원,경영·사무·금융·보험직,금융·보험직,금융·보험 사무원,3402,JF_BNK_08,심사역·신용분석·IB,17,금융·보험,name_match,high,active,KECO_2025/JF_v12,2026-03-23,2026-03-23,
BKJ_0073,0324,출납 창구 사무원,경영·사무·금융·보험직,금융·보험직,금융·보험 사무원,3401,JF_BNK_01,금융사무·은행텔러,17,금융·보험,name_match,high,active,KECO_2025/JF_v12,2026-03-23,2026-03-23,
BKJ_0074,0325,수금원 및 신용 추심원,경영·사무·금융·보험직,금융·보험직,금융·보험 사무원,3405,JF_BNK_08,심사역·신용분석·IB,17,금융·보험,name_match,high,active,KECO_2025/JF_v12,2026-03-23,2026-03-23,
BKJ_0075,0329,기타 금융 사무원,경영·사무·금융·보험직,금융·보험직,금융·보험 사무원,3409,JF_BNK_01,금융사무·은행텔러,17,금융·보험,name_match,high,active,KECO_2025/JF_v12,2026-03-23,2026-03-23,
BKJ_0076,0331,대출 및 신용카드 모집인,경영·사무·금융·보험직,금융·보험직,금융·보험 영업원,5104,JF_BNK_03,대출·여신심사,17,금융·보험,name_match,high,active,KECO_2025/JF_v12,2026-03-23,2026-03-23,
BKJ_0077,0332,보험 모집인 및 투자 권유 대행인,경영·사무·금융·보험직,금융·보험직,금융·보험 영업원,5103,JF_BNK_06,보험설계사,17,금융·보험,name_match,high,active,KECO_2025/JF_v12,2026-03-23,2026-03-23,
BKJ_0078,1101,인문과학 연구원,연구직 및 공학 기술직,인문·사회과학 연구직,인문·사회과학 연구원,2121,JF_RND_01,자연과학·생명과학R&D,18,연구·R&D,name_match,high,active,KECO_2025/JF_v12,2026-03-23,2026-03-23,
BKJ_0079,1102,사회과학 연구원,연구직 및 공학 기술직,인문·사회과학 연구직,인문·사회과학 연구원,2122,JF_STR_02,경영컨설팅·자문,01,기획·전략,name_match,high,active,KECO_2025/JF_v12,2026-03-23,2026-03-23,
BKJ_0080,1211,자연과학 연구원,연구직 및 공학 기술직,자연·생명과학 연구직,자연과학 연구원 및 시험원,2112,JF_RND_01,자연과학·생명과학R&D,18,연구·R&D,name_match,high,active,KECO_2025/JF_v12,2026-03-23,2026-03-23,
BKJ_0081,1212,자연과학 시험원,연구직 및 공학 기술직,자연·생명과학 연구직,자연과학 연구원 및 시험원,2133,JF_RND_01,자연과학·생명과학R&D,18,연구·R&D,name_match,high,active,KECO_2025/JF_v12,2026-03-23,2026-03-23,
BKJ_0082,1221,생명과학 연구원,연구직 및 공학 기술직,자연·생명과학 연구직,생명과학 연구원 및 시험원,2111,JF_RND_01,자연과학·생명과학R&D,18,연구·R&D,name_match,high,active,KECO_2025/JF_v12,2026-03-23,2026-03-23,
BKJ_0083,1222,생명과학 시험원,연구직 및 공학 기술직,자연·생명과학 연구직,생명과학 연구원 및 시험원,2131,JF_RND_01,자연과학·생명과학R&D,18,연구·R&D,name_match,high,active,KECO_2025/JF_v12,2026-03-23,2026-03-23,
BKJ_0084,1223,농림어업 관련 시험원,연구직 및 공학 기술직,자연·생명과학 연구직,생명과학 연구원 및 시험원,2132,JF_RND_01,자연과학·생명과학R&D,18,연구·R&D,name_match,high,active,KECO_2025/JF_v12,2026-03-23,2026-03-23,
BKJ_0085,1311,컴퓨터 하드웨어 기술자 및 연구원,연구직 및 공학 기술직,정보통신 연구개발직 및 공학기술직,컴퓨터하드웨어·통신공학 기술자,2211,JF_DEV_06,임베디드·펌웨어,06,IT·개발,name_match,high,active,KECO_2025/JF_v12,2026-03-23,2026-03-23,
BKJ_0086,1312,통신공학 기술자 및 연구원,연구직 및 공학 기술직,정보통신 연구개발직 및 공학기술직,컴퓨터하드웨어·통신공학 기술자,2212,JF_MFG_08,통신·RF·하드웨어엔지니어,13,생산·품질·안전,name_match,high,active,KECO_2025/JF_v12,2026-03-23,2026-03-23,
BKJ_0087,1320,컴퓨터시스템 전문가,연구직 및 공학 기술직,정보통신 연구개발직 및 공학기술직,컴퓨터시스템 전문가,2221,JF_AI_08,시스템·네트워크엔지니어,07,AI·데이터·인프라,name_match,high,active,KECO_2025/JF_v12,2026-03-23,2026-03-23,
BKJ_0088,1331,시스템 소프트웨어 개발자,연구직 및 공학 기술직,정보통신 연구개발직 및 공학기술직,소프트웨어 개발자,2222,JF_DEV_01,백엔드개발,06,IT·개발,name_match,high,active,KECO_2025/JF_v12,2026-03-23,2026-03-23,
BKJ_0089,1332,응용 소프트웨어 개발자,연구직 및 공학 기술직,정보통신 연구개발직 및 공학기술직,소프트웨어 개발자,2223,JF_DEV_03,풀스택·웹개발,06,IT·개발,name_match,high,active,KECO_2025/JF_v12,2026-03-23,2026-03-23,
BKJ_0090,1333,웹 개발자,연구직 및 공학 기술직,정보통신 연구개발직 및 공학기술직,소프트웨어 개발자,2224,JF_DEV_02,프론트엔드개발,06,IT·개발,name_match,high,active,KECO_2025/JF_v12,2026-03-23,2026-03-23,
BKJ_0091,1339,기타 컴퓨터 시스템 및 소프트웨어 전문가,연구직 및 공학 기술직,정보통신 연구개발직 및 공학기술직,소프트웨어 개발자,2229,JF_DEV_03,풀스택·웹개발,06,IT·개발,name_match,high,active,KECO_2025/JF_v12,2026-03-23,2026-03-23,
BKJ_0092,1341,네트워크 시스템 개발자,연구직 및 공학 기술직,정보통신 연구개발직 및 공학기술직,네트워크 시스템 개발자 및 정보보안 전문가,2231,JF_AI_08,시스템·네트워크엔지니어,07,AI·데이터·인프라,name_match,high,active,KECO_2025/JF_v12,2026-03-23,2026-03-23,
BKJ_0093,1342,정보 보안 전문가,연구직 및 공학 기술직,정보통신 연구개발직 및 공학기술직,네트워크 시스템 개발자 및 정보보안 전문가,2232,JF_AI_09,정보보안·보안엔지니어,07,AI·데이터·인프라,name_match,high,active,KECO_2025/JF_v12,2026-03-23,2026-03-23,
BKJ_0094,1349,기타 네트워크 및 정보 보안 전문가,연구직 및 공학 기술직,정보통신 연구개발직 및 공학기술직,네트워크 시스템 개발자 및 정보보안 전문가,2239,JF_AI_09,정보보안·보안엔지니어,07,AI·데이터·인프라,name_match,high,active,KECO_2025/JF_v12,2026-03-23,2026-03-23,
BKJ_0095,1351,데이터 시스템 전문가,연구직 및 공학 기술직,정보통신 연구개발직 및 공학기술직,데이터 전문가,2241,JF_AI_03,데이터사이언티스트,07,AI·데이터·인프라,name_match,high,active,KECO_2025/JF_v12,2026-03-23,2026-03-23,
BKJ_0096,1352,데이터 분석가,연구직 및 공학 기술직,정보통신 연구개발직 및 공학기술직,데이터 전문가,2242,JF_AI_04,데이터분석가·BI·DBA,07,AI·데이터·인프라,name_match,high,active,KECO_2025/JF_v12,2026-03-23,2026-03-23,
BKJ_0097,1361,정보 시스템 운영자,연구직 및 공학 기술직,정보통신 연구개발직 및 공학기술직,정보시스템 및 웹 운영자,2251,JF_AI_08,시스템·네트워크엔지니어,07,AI·데이터·인프라,name_match,high,active,KECO_2025/JF_v12,2026-03-23,2026-03-23,
BKJ_0098,1362,웹 운영자,연구직 및 공학 기술직,정보통신 연구개발직 및 공학기술직,정보시스템 및 웹 운영자,2252,JF_AI_08,시스템·네트워크엔지니어,07,AI·데이터·인프라,name_match,high,active,KECO_2025/JF_v12,2026-03-23,2026-03-23,
BKJ_0099,1370,통신 및 방송 송출 장비 기사,연구직 및 공학 기술직,정보통신 연구개발직 및 공학기술직,통신·방송송출 장비 기사,2260,JF_DES_03,브랜드·광고디자인,08,디자인,name_match,high,active,KECO_2025/JF_v12,2026-03-23,2026-03-23,
BKJ_0100,1401,건축가,연구직 및 공학 기술직,건설·채굴 연구개발직 및 공학기술직,건축·토목공학 기술자 및 시험원,2311,JF_MFG_05,전기·전자·반도체엔지니어,13,생산·품질·안전,name_match,high,active,KECO_2025/JF_v12,2026-03-23,2026-03-23,
BKJ_0101,1402,건축공학 기술자,연구직 및 공학 기술직,건설·채굴 연구개발직 및 공학기술직,건축·토목공학 기술자 및 시험원,2312,JF_MFG_05,전기·전자·반도체엔지니어,13,생산·품질·안전,name_match,high,active,KECO_2025/JF_v12,2026-03-23,2026-03-23,
BKJ_0102,1403,토목공학 기술자,연구직 및 공학 기술직,건설·채굴 연구개발직 및 공학기술직,건축·토목공학 기술자 및 시험원,2313,JF_MFG_05,전기·전자·반도체엔지니어,13,생산·품질·안전,name_match,high,active,KECO_2025/JF_v12,2026-03-23,2026-03-23,
BKJ_0103,1404,조경 기술자,연구직 및 공학 기술직,건설·채굴 연구개발직 및 공학기술직,건축·토목공학 기술자 및 시험원,2314,JF_MFG_05,전기·전자·반도체엔지니어,13,생산·품질·안전,name_match,high,active,KECO_2025/JF_v12,2026-03-23,2026-03-23,
BKJ_0104,1405,도시 및 교통 관련 전문가,연구직 및 공학 기술직,건설·채굴 연구개발직 및 공학기술직,건축·토목공학 기술자 및 시험원,2315,JF_MFG_05,전기·전자·반도체엔지니어,13,생산·품질·안전,name_match,high,active,KECO_2025/JF_v12,2026-03-23,2026-03-23,
BKJ_0105,1406,측량 및 공간정보 전문가,연구직 및 공학 기술직,건설·채굴 연구개발직 및 공학기술직,건축·토목공학 기술자 및 시험원,2316,JF_MFG_05,전기·전자·반도체엔지니어,13,생산·품질·안전,name_match,high,active,KECO_2025/JF_v12,2026-03-23,2026-03-23,
BKJ_0106,1407,건설자재 시험원,연구직 및 공학 기술직,건설·채굴 연구개발직 및 공학기술직,건축·토목공학 기술자 및 시험원,2317,JF_MFG_05,전기·전자·반도체엔지니어,13,생산·품질·안전,name_match,high,active,KECO_2025/JF_v12,2026-03-23,2026-03-23,
BKJ_0107,1511,기계공학 기술자 및 연구원,연구직 및 공학 기술직,제조 연구개발직 및 공학기술직,기계·로봇공학 기술자 및 시험원,2351,JF_RND_02,바이오·제약·임상연구,18,연구·R&D,name_match,high,active,KECO_2025/JF_v12,2026-03-23,2026-03-23,
BKJ_0108,1512,로봇공학 기술자 및 연구원,연구직 및 공학 기술직,제조 연구개발직 및 공학기술직,기계·로봇공학 기술자 및 시험원,2352,JF_RND_02,바이오·제약·임상연구,18,연구·R&D,name_match,high,active,KECO_2025/JF_v12,2026-03-23,2026-03-23,
BKJ_0109,1513,기계 및 로봇공학 시험원,연구직 및 공학 기술직,제조 연구개발직 및 공학기술직,기계·로봇공학 기술자 및 시험원,2353,JF_RND_02,바이오·제약·임상연구,18,연구·R&D,name_match,high,active,KECO_2025/JF_v12,2026-03-23,2026-03-23,
BKJ_0110,1521,금속·재료공학 기술자 및 연구원,연구직 및 공학 기술직,제조 연구개발직 및 공학기술직,금속·재료공학 기술자 및 시험원,,JF_MFG_07,화학·소재·환경엔지니어,13,생산·품질·안전,manual_confirmed,high,active,KECO_2025/JF_v12,2026-03-23,2026-03-24,
BKJ_0111,1522,금속 및 재료공학 시험원,연구직 및 공학 기술직,제조 연구개발직 및 공학기술직,금속·재료공학 기술자 및 시험원,2332,JF_RND_02,바이오·제약·임상연구,18,연구·R&D,name_match,high,active,KECO_2025/JF_v12,2026-03-23,2026-03-23,
BKJ_0112,1531,전기공학 기술자 및 연구원,연구직 및 공학 기술직,제조 연구개발직 및 공학기술직,전기·전자공학 기술자 및 시험원,2341,JF_RND_02,바이오·제약·임상연구,18,연구·R&D,name_match,high,active,KECO_2025/JF_v12,2026-03-23,2026-03-23,
BKJ_0113,1532,반도체공학 기술자 및 연구원,연구직 및 공학 기술직,제조 연구개발직 및 공학기술직,전기·전자공학 기술자 및 시험원,2342,JF_RND_02,바이오·제약·임상연구,18,연구·R&D,name_match,high,active,KECO_2025/JF_v12,2026-03-23,2026-03-23,
BKJ_0114,1533,전자공학 기술자 및 연구원,연구직 및 공학 기술직,제조 연구개발직 및 공학기술직,전기·전자공학 기술자 및 시험원,2343,JF_RND_02,바이오·제약·임상연구,18,연구·R&D,name_match,high,active,KECO_2025/JF_v12,2026-03-23,2026-03-23,
BKJ_0115,1534,전기 및 전자공학 시험원,연구직 및 공학 기술직,제조 연구개발직 및 공학기술직,전기·전자공학 기술자 및 시험원,2344,JF_RND_02,바이오·제약·임상연구,18,연구·R&D,name_match,high,active,KECO_2025/JF_v12,2026-03-23,2026-03-23,
BKJ_0116,1541,화학공학 기술자 및 연구원,연구직 및 공학 기술직,제조 연구개발직 및 공학기술직,화학공학 기술자 및 시험원,2321,JF_RND_03,식품과학·영양·식품개발,18,연구·R&D,name_match,high,active,KECO_2025/JF_v12,2026-03-23,2026-03-23,
BKJ_0117,1542,화학공학 시험원,연구직 및 공학 기술직,제조 연구개발직 및 공학기술직,화학공학 기술자 및 시험원,2322,JF_RND_03,식품과학·영양·식품개발,18,연구·R&D,name_match,high,active,KECO_2025/JF_v12,2026-03-23,2026-03-23,
BKJ_0118,1551,가스·에너지 기술자 및 연구원,연구직 및 공학 기술직,제조 연구개발직 및 공학기술직,에너지·환경공학 기술자 및 시험원,2373,JF_RND_03,식품과학·영양·식품개발,18,연구·R&D,name_match,high,active,KECO_2025/JF_v12,2026-03-23,2026-03-23,
BKJ_0119,1552,가스 및 에너지 시험원,연구직 및 공학 기술직,제조 연구개발직 및 공학기술직,에너지·환경공학 기술자 및 시험원,2376,JF_RND_03,식품과학·영양·식품개발,18,연구·R&D,name_match,high,active,KECO_2025/JF_v12,2026-03-23,2026-03-23,
BKJ_0120,1553,신재생에너지 기술자 및 연구원,연구직 및 공학 기술직,제조 연구개발직 및 공학기술직,에너지·환경공학 기술자 및 시험원,2372,JF_RND_03,식품과학·영양·식품개발,18,연구·R&D,name_match,high,active,KECO_2025/JF_v12,2026-03-23,2026-03-23,
BKJ_0121,1554,신재생에너지 시험원,연구직 및 공학 기술직,제조 연구개발직 및 공학기술직,에너지·환경공학 기술자 및 시험원,2375,JF_RND_03,식품과학·영양·식품개발,18,연구·R&D,name_match,high,active,KECO_2025/JF_v12,2026-03-23,2026-03-23,
BKJ_0122,1555,환경공학 기술자 및 연구원,연구직 및 공학 기술직,제조 연구개발직 및 공학기술직,에너지·환경공학 기술자 및 시험원,2371,JF_RND_03,식품과학·영양·식품개발,18,연구·R&D,name_match,high,active,KECO_2025/JF_v12,2026-03-23,2026-03-23,
BKJ_0123,1556,환경공학 시험원,연구직 및 공학 기술직,제조 연구개발직 및 공학기술직,에너지·환경공학 기술자 및 시험원,2374,JF_RND_03,식품과학·영양·식품개발,18,연구·R&D,name_match,high,active,KECO_2025/JF_v12,2026-03-23,2026-03-23,
BKJ_0124,1557,산업보건 및 산업환경 관리 기술자,연구직 및 공학 기술직,제조 연구개발직 및 공학기술직,에너지·환경공학 기술자 및 시험원,2364,JF_RND_03,식품과학·영양·식품개발,18,연구·R&D,name_match,high,active,KECO_2025/JF_v12,2026-03-23,2026-03-23,
BKJ_0125,1561,섬유공학 기술자 및 연구원,연구직 및 공학 기술직,제조 연구개발직 및 공학기술직,섬유공학 기술자 및 시험원,2392,JF_RND_01,자연과학·생명과학R&D,18,연구·R&D,name_match,high,active,KECO_2025/JF_v12,2026-03-23,2026-03-23,
BKJ_0126,1562,섬유공학 시험원,연구직 및 공학 기술직,제조 연구개발직 및 공학기술직,섬유공학 기술자 및 시험원,2394,JF_RND_01,자연과학·생명과학R&D,18,연구·R&D,name_match,high,active,KECO_2025/JF_v12,2026-03-23,2026-03-23,
BKJ_0127,1571,식품공학 기술자 및 연구원,연구직 및 공학 기술직,제조 연구개발직 및 공학기술직,식품공학 기술자 및 시험원,2391,JF_RND_03,식품과학·영양·식품개발,18,연구·R&D,name_match,high,active,KECO_2025/JF_v12,2026-03-23,2026-03-23,
BKJ_0128,1572,식품공학 시험원,연구직 및 공학 기술직,제조 연구개발직 및 공학기술직,식품공학 기술자 및 시험원,2393,JF_RND_03,식품과학·영양·식품개발,18,연구·R&D,name_match,high,active,KECO_2025/JF_v12,2026-03-23,2026-03-23,
BKJ_0129,1581,소방공학 기술자 및 연구원,연구직 및 공학 기술직,제조 연구개발직 및 공학기술직,소방·방재·산업안전·비파괴 기술자,2362,JF_RND_01,자연과학·생명과학R&D,18,연구·R&D,name_match,high,active,KECO_2025/JF_v12,2026-03-23,2026-03-23,
BKJ_0130,1582,방재 기술자 및 연구원,연구직 및 공학 기술직,제조 연구개발직 및 공학기술직,소방·방재·산업안전·비파괴 기술자,2361,JF_MFG_03,안전관리·EHS·환경,13,생산·품질·안전,name_match,high,active,KECO_2025/JF_v12,2026-03-23,2026-03-23,
BKJ_0131,1583,소방·방재 및 산업안전 시험원,연구직 및 공학 기술직,제조 연구개발직 및 공학기술직,소방·방재·산업안전·비파괴 기술자,2365,JF_MFG_03,안전관리·EHS·환경,13,생산·품질·안전,name_match,high,active,KECO_2025/JF_v12,2026-03-23,2026-03-23,
BKJ_0132,1584,산업안전 및 산업위험 관리 기술자,연구직 및 공학 기술직,제조 연구개발직 및 공학기술직,소방·방재·산업안전·비파괴 기술자,2363,JF_MFG_03,안전관리·EHS·환경,13,생산·품질·안전,name_match,high,active,KECO_2025/JF_v12,2026-03-23,2026-03-23,
BKJ_0133,1591,제도사,연구직 및 공학 기술직,제조 연구개발직 및 공학기술직,제도사 및 기타 공학 기술자 및 시험원,2395,JF_MFG_06,기계·자동화·로봇엔지니어,13,생산·품질·안전,name_match,high,active,KECO_2025/JF_v12,2026-03-23,2026-03-23,
BKJ_0134,1599,기타 공학 관련 기술자 및 시험원,연구직 및 공학 기술직,제조 연구개발직 및 공학기술직,제도사 및 기타 공학 기술자 및 시험원,2399,JF_MFG_09,기계설계·CAD·엔지니어링,13,생산·품질·안전,name_match,high,active,KECO_2025/JF_v12,2026-03-23,2026-03-23,
BKJ_0135,2111,대학 교수,교육·법률·사회복지·경찰·소방직 및 군인,교육직,대학 교수 및 강사,2611,JF_SVC_01,호텔·항공·여행,15,서비스·식음료,name_match,high,active,KECO_2025/JF_v12,2026-03-23,2026-03-23,
BKJ_0136,2112,대학 강사,교육·법률·사회복지·경찰·소방직 및 군인,교육직,대학 교수 및 강사,2612,JF_SVC_01,호텔·항공·여행,15,서비스·식음료,name_match,high,active,KECO_2025/JF_v12,2026-03-23,2026-03-23,
BKJ_0137,2121,중·고등학교 교사,교육·법률·사회복지·경찰·소방직 및 군인,교육직,학교 교사,2621,JF_EDU_01,유아·초중고 교사·보육교사,20,교육,name_match,high,active,KECO_2025/JF_v12,2026-03-23,2026-03-23,
BKJ_0138,2122,초등학교 교사,교육·법률·사회복지·경찰·소방직 및 군인,교육직,학교 교사,2622,JF_EDU_01,유아·초중고 교사·보육교사,20,교육,name_match,high,active,KECO_2025/JF_v12,2026-03-23,2026-03-23,
BKJ_0139,2123,특수교육 교사,교육·법률·사회복지·경찰·소방직 및 군인,교육직,학교 교사,2623,JF_EDU_01,유아·초중고 교사·보육교사,20,교육,name_match,high,active,KECO_2025/JF_v12,2026-03-23,2026-03-23,
BKJ_0140,2129,기타 교사,교육·법률·사회복지·경찰·소방직 및 군인,교육직,학교 교사,2699,JF_EDU_01,유아·초중고 교사·보육교사,20,교육,name_match,high,active,KECO_2025/JF_v12,2026-03-23,2026-03-23,
BKJ_0141,2130,유치원 교사,교육·법률·사회복지·경찰·소방직 및 군인,교육직,유치원 교사,2630,JF_EDU_01,유아·초중고 교사·보육교사,20,교육,name_match,high,active,KECO_2025/JF_v12,2026-03-23,2026-03-23,
BKJ_0142,2141,외국어 강사,교육·법률·사회복지·경찰·소방직 및 군인,교육직,문리·기술·예능 강사,2641,JF_SVC_01,호텔·항공·여행,15,서비스·식음료,name_match,high,active,KECO_2025/JF_v12,2026-03-23,2026-03-23,
BKJ_0143,2142,문리 강사,교육·법률·사회복지·경찰·소방직 및 군인,교육직,문리·기술·예능 강사,2642,JF_SVC_01,호텔·항공·여행,15,서비스·식음료,name_match,high,active,KECO_2025/JF_v12,2026-03-23,2026-03-23,
BKJ_0144,2143,정보통신기술 강사,교육·법률·사회복지·경찰·소방직 및 군인,교육직,문리·기술·예능 강사,2643,JF_SVC_01,호텔·항공·여행,15,서비스·식음료,name_match,high,active,KECO_2025/JF_v12,2026-03-23,2026-03-23,
BKJ_0145,2144,기술 및 기능계 강사,교육·법률·사회복지·경찰·소방직 및 군인,교육직,문리·기술·예능 강사,2646,JF_SVC_01,호텔·항공·여행,15,서비스·식음료,name_match,high,active,KECO_2025/JF_v12,2026-03-23,2026-03-23,
BKJ_0146,2145,간호조무 및 요양보호 강사,교육·법률·사회복지·경찰·소방직 및 군인,교육직,문리·기술·예능 강사,2644,JF_MED_H02,간호조무사·보조인력,19,의료·복지,name_match,high,active,KECO_2025/JF_v12,2026-03-23,2026-03-23,
BKJ_0147,2146,자동차 운전 강사,교육·법률·사회복지·경찰·소방직 및 군인,교육직,문리·기술·예능 강사,2645,JF_SVC_01,호텔·항공·여행,15,서비스·식음료,name_match,high,active,KECO_2025/JF_v12,2026-03-23,2026-03-23,
BKJ_0148,2147,예능 강사,교육·법률·사회복지·경찰·소방직 및 군인,교육직,문리·기술·예능 강사,2647,JF_SVC_01,호텔·항공·여행,15,서비스·식음료,name_match,high,active,KECO_2025/JF_v12,2026-03-23,2026-03-23,
BKJ_0149,2148,학습·교구 관련 방문강사,교육·법률·사회복지·경찰·소방직 및 군인,교육직,문리·기술·예능 강사,2648,JF_SVC_01,호텔·항공·여행,15,서비스·식음료,name_match,high,active,KECO_2025/JF_v12,2026-03-23,2026-03-23,
BKJ_0150,2149,기타 문리·기술 및 예능 강사,교육·법률·사회복지·경찰·소방직 및 군인,교육직,문리·기술·예능 강사,2649,JF_SVC_01,호텔·항공·여행,15,서비스·식음료,name_match,high,active,KECO_2025/JF_v12,2026-03-23,2026-03-23,
BKJ_0151,2151,장학관·연구관 및 교육 관련 전문가,교육·법률·사회복지·경찰·소방직 및 군인,교육직,장학관 및 기타 교육 종사자,2691,JF_EDU_01,유아·초중고 교사·보육교사,20,교육,name_match,high,active,KECO_2025/JF_v12,2026-03-23,2026-03-23,
BKJ_0152,2152,대학 교육 조교,교육·법률·사회복지·경찰·소방직 및 군인,교육직,장학관 및 기타 교육 종사자,2692,JF_EDU_01,유아·초중고 교사·보육교사,20,교육,name_match,high,active,KECO_2025/JF_v12,2026-03-23,2026-03-23,
BKJ_0153,2153,교사보조 및 관련 종사원,교육·법률·사회복지·경찰·소방직 및 군인,교육직,장학관 및 기타 교육 종사자,4211,JF_EDU_03,학원강사·과외·방문교사,20,교육,name_match,high,active,KECO_2025/JF_v12,2026-03-23,2026-03-23,
BKJ_0154,2159,기타 교사보조 및 아동돌봄 종사원,교육·법률·사회복지·경찰·소방직 및 군인,교육직,장학관 및 기타 교육 종사자,4219,JF_EDU_03,학원강사·과외·방문교사,20,교육,name_match,high,active,KECO_2025/JF_v12,2026-03-23,2026-03-23,
BKJ_0155,2211,판사 및 검사,교육·법률·사회복지·경찰·소방직 및 군인,법률직,법률 전문가,2711,JF_FIN_04,자금·예산관리,03,회계·세무·재무,name_match,high,active,KECO_2025/JF_v12,2026-03-23,2026-03-23,
BKJ_0156,2212,변호사,교육·법률·사회복지·경찰·소방직 및 군인,법률직,법률 전문가,2712,JF_FIN_04,자금·예산관리,03,회계·세무·재무,name_match,high,active,KECO_2025/JF_v12,2026-03-23,2026-03-23,
BKJ_0157,2213,법무사 및 집행관,교육·법률·사회복지·경찰·소방직 및 군인,법률직,법률 전문가,2713,JF_FIN_04,자금·예산관리,03,회계·세무·재무,name_match,high,active,KECO_2025/JF_v12,2026-03-23,2026-03-23,
BKJ_0158,2214,변리사,교육·법률·사회복지·경찰·소방직 및 군인,법률직,법률 전문가,2714,JF_FIN_04,자금·예산관리,03,회계·세무·재무,name_match,high,active,KECO_2025/JF_v12,2026-03-23,2026-03-23,
BKJ_0159,2219,기타 법률 전문가,교육·법률·사회복지·경찰·소방직 및 군인,법률직,법률 전문가,2719,JF_FIN_04,자금·예산관리,03,회계·세무·재무,name_match,high,active,KECO_2025/JF_v12,2026-03-23,2026-03-23,
BKJ_0160,2220,법률 관련 사무원,교육·법률·사회복지·경찰·소방직 및 군인,법률직,법률 사무원,3511,JF_FIN_04,자금·예산관리,03,회계·세무·재무,name_match,high,active,KECO_2025/JF_v12,2026-03-23,2026-03-23,
BKJ_0161,2311,사회복지사,교육·법률·사회복지·경찰·소방직 및 군인,사회복지·종교직,사회복지사 및 상담사,2531,JF_EDU_03,학원강사·과외·방문교사,20,교육,name_match,high,active,KECO_2025/JF_v12,2026-03-23,2026-03-23,
BKJ_0162,2312,상담 전문가,교육·법률·사회복지·경찰·소방직 및 군인,사회복지·종교직,사회복지사 및 상담사,2533,JF_EDU_03,학원강사·과외·방문교사,20,교육,name_match,high,active,KECO_2025/JF_v12,2026-03-23,2026-03-23,
BKJ_0163,2313,청소년 지도사,교육·법률·사회복지·경찰·소방직 및 군인,사회복지·종교직,사회복지사 및 상담사,2534,JF_EDU_03,학원강사·과외·방문교사,20,교육,name_match,high,active,KECO_2025/JF_v12,2026-03-23,2026-03-23,
BKJ_0164,2314,직업 관련 상담사,교육·법률·사회복지·경찰·소방직 및 군인,사회복지·종교직,사회복지사 및 상담사,2532,JF_EDU_03,학원강사·과외·방문교사,20,교육,name_match,high,active,KECO_2025/JF_v12,2026-03-23,2026-03-23,
BKJ_0165,2315,시민사회 활동가,교육·법률·사회복지·경찰·소방직 및 군인,사회복지·종교직,사회복지사 및 상담사,2520,JF_EDU_03,학원강사·과외·방문교사,20,교육,name_match,high,active,KECO_2025/JF_v12,2026-03-23,2026-03-23,
BKJ_0166,2321,보육교사,교육·법률·사회복지·경찰·소방직 및 군인,사회복지·종교직,보육교사 및 기타 사회복지 종사자,2510,JF_EDU_03,학원강사·과외·방문교사,20,교육,name_match,high,active,KECO_2025/JF_v12,2026-03-23,2026-03-23,
BKJ_0167,2322,보육 관련 시설 돌봄 종사원,교육·법률·사회복지·경찰·소방직 및 군인,사회복지·종교직,보육교사 및 기타 사회복지 종사자,4212,JF_EDU_03,학원강사·과외·방문교사,20,교육,name_match,high,active,KECO_2025/JF_v12,2026-03-23,2026-03-23,
BKJ_0168,2329,기타 사회복지 전문가 및 관련 종사원,교육·법률·사회복지·경찰·소방직 및 군인,사회복지·종교직,보육교사 및 기타 사회복지 종사자,2539,JF_EDU_03,학원강사·과외·방문교사,20,교육,name_match,high,active,KECO_2025/JF_v12,2026-03-23,2026-03-23,
BKJ_0169,2331,성직자,교육·법률·사회복지·경찰·소방직 및 군인,사회복지·종교직,성직자 및 기타 종교 종사자,2541,JF_EDU_03,학원강사·과외·방문교사,20,교육,name_match,high,active,KECO_2025/JF_v12,2026-03-23,2026-03-23,
BKJ_0170,2339,기타 종교 관련 종사원,교육·법률·사회복지·경찰·소방직 및 군인,사회복지·종교직,성직자 및 기타 종교 종사자,2549,JF_EDU_03,학원강사·과외·방문교사,20,교육,name_match,high,active,KECO_2025/JF_v12,2026-03-23,2026-03-23,
BKJ_0171,2401,경찰관 및 수사관,교육·법률·사회복지·경찰·소방직 및 군인,경찰·소방·교도직,"경찰관, 소방관 및 교도관",4111,JF_SVC_05,스포츠·레저·트레이너,15,서비스·식음료,name_match,high,active,KECO_2025/JF_v12,2026-03-23,2026-03-23,
BKJ_0172,2402,소방관,교육·법률·사회복지·경찰·소방직 및 군인,경찰·소방·교도직,"경찰관, 소방관 및 교도관",4112,JF_SVC_05,스포츠·레저·트레이너,15,서비스·식음료,name_match,high,active,KECO_2025/JF_v12,2026-03-23,2026-03-23,
BKJ_0173,2403,소년원 학교 교사 및 교도관,교육·법률·사회복지·경찰·소방직 및 군인,경찰·소방·교도직,"경찰관, 소방관 및 교도관",4113,JF_SVC_05,스포츠·레저·트레이너,15,서비스·식음료,name_match,high,active,KECO_2025/JF_v12,2026-03-23,2026-03-23,
BKJ_0174,2501,영관급 이상 장교,교육·법률·사회복지·경찰·소방직 및 군인,군인,군인,,JF_PUB_04,군무원·경찰·소방,21,공공·복지,manual_confirmed,high,active,KECO_2025/JF_v12,2026-03-23,2026-03-24,
BKJ_0175,2502,위관급 장교,교육·법률·사회복지·경찰·소방직 및 군인,군인,군인,,JF_PUB_04,군무원·경찰·소방,21,공공·복지,manual_confirmed,high,active,KECO_2025/JF_v12,2026-03-23,2026-03-24,
BKJ_0176,2503,준사관,교육·법률·사회복지·경찰·소방직 및 군인,군인,군인,,JF_PUB_04,군무원·경찰·소방,21,공공·복지,manual_confirmed,high,active,KECO_2025/JF_v12,2026-03-23,2026-03-24,
BKJ_0177,2504,부사관,교육·법률·사회복지·경찰·소방직 및 군인,군인,군인,,JF_PUB_04,군무원·경찰·소방,21,공공·복지,manual_confirmed,high,active,KECO_2025/JF_v12,2026-03-23,2026-03-24,
BKJ_0178,2509,기타 군인,교육·법률·사회복지·경찰·소방직 및 군인,군인,군인,,JF_PUB_04,군무원·경찰·소방,21,공공·복지,manual_confirmed,high,active,KECO_2025/JF_v12,2026-03-23,2026-03-24,
BKJ_0179,3011,전문 의사,보건·의료직,보건·의료직,"의사, 한의사 및 치과의사",2411,JF_PRO_07,의사·치과의사·한의사,22,전문직·자격사,name_match,high,active,KECO_2025/JF_v12,2026-03-23,2026-03-23,
BKJ_0180,3012,일반 의사,보건·의료직,보건·의료직,"의사, 한의사 및 치과의사",2412,JF_PRO_07,의사·치과의사·한의사,22,전문직·자격사,name_match,high,active,KECO_2025/JF_v12,2026-03-23,2026-03-23,
BKJ_0181,3013,한의사,보건·의료직,보건·의료직,"의사, 한의사 및 치과의사",2413,JF_PRO_07,의사·치과의사·한의사,22,전문직·자격사,name_match,high,active,KECO_2025/JF_v12,2026-03-23,2026-03-23,
BKJ_0182,3014,치과의사,보건·의료직,보건·의료직,"의사, 한의사 및 치과의사",2414,JF_PRO_07,의사·치과의사·한의사,22,전문직·자격사,name_match,high,active,KECO_2025/JF_v12,2026-03-23,2026-03-23,
BKJ_0183,3020,수의사,보건·의료직,보건·의료직,수의사,2420,JF_PRO_12,수의사,22,전문직·자격사,name_match,high,active,KECO_2025/JF_v12,2026-03-23,2026-03-23,
BKJ_0184,3031,약사,보건·의료직,보건·의료직,약사 및 한약사,2431,JF_PRO_08,약사·한약사,22,전문직·자격사,name_match,high,active,KECO_2025/JF_v12,2026-03-23,2026-03-23,
BKJ_0185,3032,한약사,보건·의료직,보건·의료직,약사 및 한약사,2432,JF_PRO_08,약사·한약사,22,전문직·자격사,name_match,high,active,KECO_2025/JF_v12,2026-03-23,2026-03-23,
BKJ_0186,3040,간호사,보건·의료직,보건·의료직,간호사,2440,JF_PRO_09,간호사(면허직),22,전문직·자격사,name_match,high,active,KECO_2025/JF_v12,2026-03-23,2026-03-23,
BKJ_0187,3050,영양사,보건·의료직,보건·의료직,영양사,2450,JF_EDU_02,대학교수·강사,20,교육,name_match,high,active,KECO_2025/JF_v12,2026-03-23,2026-03-23,
BKJ_0188,3061,임상병리사,보건·의료직,보건·의료직,의료기사·치료사·재활사,2461,JF_PRO_10,의료기사·치료사(면허직),22,전문직·자격사,name_match,high,active,KECO_2025/JF_v12,2026-03-23,2026-03-23,
BKJ_0189,3062,방사선사,보건·의료직,보건·의료직,의료기사·치료사·재활사,2462,JF_PRO_10,의료기사·치료사(면허직),22,전문직·자격사,name_match,high,active,KECO_2025/JF_v12,2026-03-23,2026-03-23,
BKJ_0190,3063,치과기공사,보건·의료직,보건·의료직,의료기사·치료사·재활사,2463,JF_PRO_10,의료기사·치료사(면허직),22,전문직·자격사,name_match,high,active,KECO_2025/JF_v12,2026-03-23,2026-03-23,
BKJ_0191,3064,치과위생사,보건·의료직,보건·의료직,의료기사·치료사·재활사,2464,JF_PRO_10,의료기사·치료사(면허직),22,전문직·자격사,name_match,high,active,KECO_2025/JF_v12,2026-03-23,2026-03-23,
BKJ_0192,3065,물리 및 작업 치료사,보건·의료직,보건·의료직,의료기사·치료사·재활사,2466,JF_EDU_02,대학교수·강사,20,교육,name_match,high,active,KECO_2025/JF_v12,2026-03-23,2026-03-23,
BKJ_0193,3066,임상심리사,보건·의료직,보건·의료직,의료기사·치료사·재활사,2467,JF_SOC_02,상담사·심리치료사,19,의료·복지,name_match,high,active,KECO_2025/JF_v12,2026-03-23,2026-03-23,
BKJ_0194,3067,재활공학 기사,보건·의료직,보건·의료직,의료기사·치료사·재활사,2465,JF_EDU_02,대학교수·강사,20,교육,name_match,high,active,KECO_2025/JF_v12,2026-03-23,2026-03-23,
BKJ_0195,3068,언어 및 청각능력 재활사,보건·의료직,보건·의료직,의료기사·치료사·재활사,2468,JF_EDU_02,대학교수·강사,20,교육,name_match,high,active,KECO_2025/JF_v12,2026-03-23,2026-03-23,
BKJ_0196,3069,기타 치료·재활사 및 의료기사,보건·의료직,보건·의료직,의료기사·치료사·재활사,2469,JF_PRO_10,의료기사·치료사(면허직),22,전문직·자격사,name_match,high,active,KECO_2025/JF_v12,2026-03-23,2026-03-23,
BKJ_0197,3071,응급 구조사,보건·의료직,보건·의료직,보건·의료 종사자,2491,JF_EDU_02,대학교수·강사,20,교육,name_match,high,active,KECO_2025/JF_v12,2026-03-23,2026-03-23,
BKJ_0198,3072,위생사,보건·의료직,보건·의료직,보건·의료 종사자,2492,JF_EDU_02,대학교수·강사,20,교육,name_match,high,active,KECO_2025/JF_v12,2026-03-23,2026-03-23,
BKJ_0199,3073,안경사,보건·의료직,보건·의료직,보건·의료 종사자,2493,JF_EDU_02,대학교수·강사,20,교육,name_match,high,active,KECO_2025/JF_v12,2026-03-23,2026-03-23,
BKJ_0200,3074,보건의료정보 관리사,보건·의료직,보건·의료직,보건·의료 종사자,2494,JF_MED_H04,병원행정·의료코디,19,의료·복지,name_match,high,active,KECO_2025/JF_v12,2026-03-23,2026-03-23,
BKJ_0201,3075,간호조무사,보건·의료직,보건·의료직,보건·의료 종사자,2495,JF_MED_H02,간호조무사·보조인력,19,의료·복지,name_match,high,active,KECO_2025/JF_v12,2026-03-23,2026-03-23,
BKJ_0202,3076,환자안전 관리사,보건·의료직,보건·의료직,보건·의료 종사자,2497,JF_EDU_02,대학교수·강사,20,교육,name_match,high,active,KECO_2025/JF_v12,2026-03-23,2026-03-23,
BKJ_0203,3077,수의사 보조원,보건·의료직,보건·의료직,보건·의료 종사자,4331,JF_PRO_12,수의사,22,전문직·자격사,name_match,high,active,KECO_2025/JF_v12,2026-03-23,2026-03-23,
BKJ_0204,3078,안마사,보건·의료직,보건·의료직,보건·의료 종사자,2496,JF_EDU_02,대학교수·강사,20,교육,name_match,high,active,KECO_2025/JF_v12,2026-03-23,2026-03-23,
BKJ_0205,3079,기타 돌봄 및 보건 서비스 종사원,보건·의료직,보건·의료직,보건·의료 종사자,4290,JF_EDU_03,학원강사·과외·방문교사,20,교육,name_match,high,active,KECO_2025/JF_v12,2026-03-23,2026-03-23,
BKJ_0206,4111,작가,예술·디자인·방송·스포츠직,예술·디자인·방송직,작가·통번역가,2911,JF_SVC_02,식·음료·F&B,15,서비스·식음료,name_match,high,active,KECO_2025/JF_v12,2026-03-23,2026-03-23,
BKJ_0207,4112,번역가 및 통역가,예술·디자인·방송·스포츠직,예술·디자인·방송직,작가·통번역가,2914,JF_SVC_02,식·음료·F&B,15,서비스·식음료,name_match,high,active,KECO_2025/JF_v12,2026-03-23,2026-03-23,
BKJ_0208,4113,출판물 전문가,예술·디자인·방송·스포츠직,예술·디자인·방송직,작가·통번역가,2912,JF_SVC_02,식·음료·F&B,15,서비스·식음료,name_match,high,active,KECO_2025/JF_v12,2026-03-23,2026-03-23,
BKJ_0209,4120,기자 및 언론 관련 전문가,예술·디자인·방송·스포츠직,예술·디자인·방송직,기자 및 언론 전문가,2913,JF_SVC_02,식·음료·F&B,15,서비스·식음료,name_match,high,active,KECO_2025/JF_v12,2026-03-23,2026-03-23,
BKJ_0210,4131,학예사 및 문화재 보존원,예술·디자인·방송·스포츠직,예술·디자인·방송직,학예사·사서·기록물관리사,2921,JF_MED_07,큐레이터·전시기획·사서,16,미디어·문화·스포츠,name_match,high,active,KECO_2025/JF_v12,2026-03-23,2026-03-23,
BKJ_0211,4132,사서 및 기록물관리사,예술·디자인·방송·스포츠직,예술·디자인·방송직,학예사·사서·기록물관리사,2922,JF_MED_07,큐레이터·전시기획·사서,16,미디어·문화·스포츠,name_match,high,active,KECO_2025/JF_v12,2026-03-23,2026-03-23,
BKJ_0212,4141,화가 및 조각가,예술·디자인·방송·스포츠직,예술·디자인·방송직,"창작·공연 전문가(작가, 연극 제외)",2941,JF_MED_04,크리에이터·인플루언서,16,미디어·문화·스포츠,name_match,high,active,KECO_2025/JF_v12,2026-03-23,2026-03-23,
BKJ_0213,4142,사진기자 및 사진사,예술·디자인·방송·스포츠직,예술·디자인·방송직,"창작·공연 전문가(작가, 연극 제외)",,JF_MED_02,영상편집·촬영·포토,16,미디어·문화·스포츠,manual_confirmed,high,active,KECO_2025/JF_v12,2026-03-23,2026-03-24,
BKJ_0214,4143,만화가 및 만화영화 작가,예술·디자인·방송·스포츠직,예술·디자인·방송직,"창작·공연 전문가(작가, 연극 제외)",2943,JF_SVC_02,식·음료·F&B,15,서비스·식음료,name_match,high,active,KECO_2025/JF_v12,2026-03-23,2026-03-23,
BKJ_0215,4144,국악 및 전통 예능인,예술·디자인·방송·스포츠직,예술·디자인·방송직,"창작·공연 전문가(작가, 연극 제외)",2944,JF_MED_04,크리에이터·인플루언서,16,미디어·문화·스포츠,name_match,high,active,KECO_2025/JF_v12,2026-03-23,2026-03-23,
BKJ_0216,4145,지휘자·작곡가 및 연주가,예술·디자인·방송·스포츠직,예술·디자인·방송직,"창작·공연 전문가(작가, 연극 제외)",2945,JF_MED_04,크리에이터·인플루언서,16,미디어·문화·스포츠,name_match,high,active,KECO_2025/JF_v12,2026-03-23,2026-03-23,
BKJ_0217,4146,가수 및 성악가,예술·디자인·방송·스포츠직,예술·디자인·방송직,"창작·공연 전문가(작가, 연극 제외)",2946,JF_MED_04,크리에이터·인플루언서,16,미디어·문화·스포츠,name_match,high,active,KECO_2025/JF_v12,2026-03-23,2026-03-23,
BKJ_0218,4147,무용가 및 안무가,예술·디자인·방송·스포츠직,예술·디자인·방송직,"창작·공연 전문가(작가, 연극 제외)",2947,JF_MED_04,크리에이터·인플루언서,16,미디어·문화·스포츠,name_match,high,active,KECO_2025/JF_v12,2026-03-23,2026-03-23,
BKJ_0219,4149,기타 시각 및 공연 예술가,예술·디자인·방송·스포츠직,예술·디자인·방송직,"창작·공연 전문가(작가, 연극 제외)",2949,JF_MED_04,크리에이터·인플루언서,16,미디어·문화·스포츠,name_match,high,active,KECO_2025/JF_v12,2026-03-23,2026-03-23,
BKJ_0220,4151,제품 디자이너,예술·디자인·방송·스포츠직,예술·디자인·방송직,디자이너,2951,JF_DES_06,제품·산업디자인,08,디자인,name_match,high,active,KECO_2025/JF_v12,2026-03-23,2026-03-23,
BKJ_0221,4152,패션 디자이너,예술·디자인·방송·스포츠직,예술·디자인·방송직,디자이너,2952,JF_DES_05,패션·텍스타일디자인,08,디자인,name_match,high,active,KECO_2025/JF_v12,2026-03-23,2026-03-23,
BKJ_0222,4153,실내장식 디자이너,예술·디자인·방송·스포츠직,예술·디자인·방송직,디자이너,2953,JF_DES_07,공간·인테리어·환경디자인,08,디자인,name_match,high,active,KECO_2025/JF_v12,2026-03-23,2026-03-23,
BKJ_0223,4154,시각 디자이너,예술·디자인·방송·스포츠직,예술·디자인·방송직,디자이너,2954,JF_DES_02,그래픽·시각·편집디자인,08,디자인,name_match,high,active,KECO_2025/JF_v12,2026-03-23,2026-03-23,
BKJ_0224,4155,미디어 콘텐츠 디자이너,예술·디자인·방송·스포츠직,예술·디자인·방송직,디자이너,2955,JF_DES_03,브랜드·광고디자인,08,디자인,name_match,high,active,KECO_2025/JF_v12,2026-03-23,2026-03-23,
BKJ_0225,4161,감독 및 기술 감독,예술·디자인·방송·스포츠직,예술·디자인·방송직,연극·영화·방송 전문가,2931,JF_DES_03,브랜드·광고디자인,08,디자인,name_match,high,active,KECO_2025/JF_v12,2026-03-23,2026-03-23,
BKJ_0226,4162,배우 및 모델,예술·디자인·방송·스포츠직,예술·디자인·방송직,연극·영화·방송 전문가,2932,JF_DES_03,브랜드·광고디자인,08,디자인,name_match,high,active,KECO_2025/JF_v12,2026-03-23,2026-03-23,
BKJ_0227,4163,아나운서 및 리포터,예술·디자인·방송·스포츠직,예술·디자인·방송직,연극·영화·방송 전문가,2933,JF_DES_03,브랜드·광고디자인,08,디자인,name_match,high,active,KECO_2025/JF_v12,2026-03-23,2026-03-23,
BKJ_0228,4164,촬영기사,예술·디자인·방송·스포츠직,예술·디자인·방송직,연극·영화·방송 전문가,2934,JF_DES_03,브랜드·광고디자인,08,디자인,name_match,high,active,KECO_2025/JF_v12,2026-03-23,2026-03-23,
BKJ_0229,4165,음향 및 녹음 기사,예술·디자인·방송·스포츠직,예술·디자인·방송직,연극·영화·방송 전문가,2935,JF_DES_03,브랜드·광고디자인,08,디자인,name_match,high,active,KECO_2025/JF_v12,2026-03-23,2026-03-23,
BKJ_0230,4166,영상·녹화 및 편집 기사,예술·디자인·방송·스포츠직,예술·디자인·방송직,연극·영화·방송 전문가,2936,JF_DES_03,브랜드·광고디자인,08,디자인,name_match,high,active,KECO_2025/JF_v12,2026-03-23,2026-03-23,
BKJ_0231,4167,조명기사 및 영사기사,예술·디자인·방송·스포츠직,예술·디자인·방송직,연극·영화·방송 전문가,2937,JF_DES_03,브랜드·광고디자인,08,디자인,name_match,high,active,KECO_2025/JF_v12,2026-03-23,2026-03-23,
BKJ_0232,4168,미디어 콘텐츠 창작자,예술·디자인·방송·스포츠직,예술·디자인·방송직,연극·영화·방송 전문가,2938,JF_DES_03,브랜드·광고디자인,08,디자인,name_match,high,active,KECO_2025/JF_v12,2026-03-23,2026-03-23,
BKJ_0233,4169,기타 연극·영화 및 영상 관련 종사원,예술·디자인·방송·스포츠직,예술·디자인·방송직,연극·영화·방송 전문가,2939,JF_DES_03,브랜드·광고디자인,08,디자인,name_match,high,active,KECO_2025/JF_v12,2026-03-23,2026-03-23,
BKJ_0234,4171,공연 및 시각예술 기획자,예술·디자인·방송·스포츠직,예술·디자인·방송직,문화·예술 기획자 및 매니저,2981,JF_MED_01,PD·감독·연출,16,미디어·문화·스포츠,name_match,high,active,KECO_2025/JF_v12,2026-03-23,2026-03-23,
BKJ_0235,4172,영화 및 음반 기획자,예술·디자인·방송·스포츠직,예술·디자인·방송직,문화·예술 기획자 및 매니저,2982,JF_MED_01,PD·감독·연출,16,미디어·문화·스포츠,name_match,high,active,KECO_2025/JF_v12,2026-03-23,2026-03-23,
BKJ_0236,4173,연예인 및 스포츠 매니저,예술·디자인·방송·스포츠직,예술·디자인·방송직,문화·예술 기획자 및 매니저,3722,JF_MED_04,크리에이터·인플루언서,16,미디어·문화·스포츠,name_match,high,active,KECO_2025/JF_v12,2026-03-23,2026-03-23,
BKJ_0237,4201,스포츠 감독 및 코치,예술·디자인·방송·스포츠직,스포츠·레크리에이션직,스포츠·레크리에이션 종사자,2961,JF_MED_08,스포츠행정·에이전트,16,미디어·문화·스포츠,name_match,high,active,KECO_2025/JF_v12,2026-03-23,2026-03-23,
BKJ_0238,4202,직업 운동선수,예술·디자인·방송·스포츠직,스포츠·레크리에이션직,스포츠·레크리에이션 종사자,2962,JF_STR_02,경영컨설팅·자문,01,기획·전략,name_match,high,active,KECO_2025/JF_v12,2026-03-23,2026-03-23,
BKJ_0239,4203,경기 심판 및 경기 기록원,예술·디자인·방송·스포츠직,스포츠·레크리에이션직,스포츠·레크리에이션 종사자,2963,JF_MED_08,스포츠행정·에이전트,16,미디어·문화·스포츠,name_match,high,active,KECO_2025/JF_v12,2026-03-23,2026-03-23,
BKJ_0240,4204,스포츠 강사 및 트레이너,예술·디자인·방송·스포츠직,스포츠·레크리에이션직,스포츠·레크리에이션 종사자,2964,JF_SVC_01,호텔·항공·여행,15,서비스·식음료,name_match,high,active,KECO_2025/JF_v12,2026-03-23,2026-03-23,
BKJ_0241,4205,기타 스포츠 및 레크리에이션 관련 전문가,예술·디자인·방송·스포츠직,스포츠·레크리에이션직,스포츠·레크리에이션 종사자,2969,JF_SVC_10,이벤트·웨딩·플래너,15,서비스·식음료,name_match,high,active,KECO_2025/JF_v12,2026-03-23,2026-03-23,
BKJ_0242,4209,기타 여가 서비스 종사원,예술·디자인·방송·스포츠직,스포츠·레크리에이션직,스포츠·레크리에이션 종사자,4429,JF_SVC_03,뷰티·미용·웰니스,15,서비스·식음료,name_match,high,active,KECO_2025/JF_v12,2026-03-23,2026-03-23,
BKJ_0243,5111,이용사,미용·여행·숙박·음식·경비·청소직,미용·예식 및 반려동물 서비스직,미용 서비스원,4311,JF_SVC_03,뷰티·미용·웰니스,15,서비스·식음료,name_match,high,active,KECO_2025/JF_v12,2026-03-23,2026-03-23,
BKJ_0244,5112,미용사,미용·여행·숙박·음식·경비·청소직,미용·예식 및 반려동물 서비스직,미용 서비스원,4312,JF_SVC_03,뷰티·미용·웰니스,15,서비스·식음료,name_match,high,active,KECO_2025/JF_v12,2026-03-23,2026-03-23,
BKJ_0245,5113,네일 관리사,미용·여행·숙박·음식·경비·청소직,미용·예식 및 반려동물 서비스직,미용 서비스원,4313,JF_SVC_03,뷰티·미용·웰니스,15,서비스·식음료,name_match,high,active,KECO_2025/JF_v12,2026-03-23,2026-03-23,
BKJ_0246,5114,피부 및 체형 관리사,미용·여행·숙박·음식·경비·청소직,미용·예식 및 반려동물 서비스직,미용 서비스원,4314,JF_SVC_03,뷰티·미용·웰니스,15,서비스·식음료,name_match,high,active,KECO_2025/JF_v12,2026-03-23,2026-03-23,
BKJ_0247,5115,메이크업 아티스트 및 분장사,미용·여행·숙박·음식·경비·청소직,미용·예식 및 반려동물 서비스직,미용 서비스원,4315,JF_SVC_03,뷰티·미용·웰니스,15,서비스·식음료,name_match,high,active,KECO_2025/JF_v12,2026-03-23,2026-03-23,
BKJ_0248,5119,기타 미용 관련 서비스 종사원,미용·여행·숙박·음식·경비·청소직,미용·예식 및 반려동물 서비스직,미용 서비스원,4319,JF_SVC_03,뷰티·미용·웰니스,15,서비스·식음료,name_match,high,active,KECO_2025/JF_v12,2026-03-23,2026-03-23,
BKJ_0249,5121,결혼 상담원 및 웨딩플래너,미용·여행·숙박·음식·경비·청소직,미용·예식 및 반려동물 서비스직,결혼·장례 등 예식 서비스원,4321,JF_SVC_03,뷰티·미용·웰니스,15,서비스·식음료,name_match,high,active,KECO_2025/JF_v12,2026-03-23,2026-03-23,
BKJ_0250,5122,혼례 종사원,미용·여행·숙박·음식·경비·청소직,미용·예식 및 반려동물 서비스직,결혼·장례 등 예식 서비스원,4322,JF_SVC_03,뷰티·미용·웰니스,15,서비스·식음료,name_match,high,active,KECO_2025/JF_v12,2026-03-23,2026-03-23,
BKJ_0251,5123,장례 지도사 및 장례 상담원,미용·여행·숙박·음식·경비·청소직,미용·예식 및 반려동물 서비스직,결혼·장례 등 예식 서비스원,,JF_SVC_07,공공·사회서비스현장직,15,서비스·식음료,manual_confirmed,high,active,KECO_2025/JF_v12,2026-03-23,2026-03-24,
BKJ_0252,5124,점술가 및 민속신앙 종사원,미용·여행·숙박·음식·경비·청소직,미용·예식 및 반려동물 서비스직,결혼·장례 등 예식 서비스원,4391,JF_SVC_03,뷰티·미용·웰니스,15,서비스·식음료,name_match,high,active,KECO_2025/JF_v12,2026-03-23,2026-03-23,
BKJ_0253,5129,기타 개인 생활 서비스 종사원,미용·여행·숙박·음식·경비·청소직,미용·예식 및 반려동물 서비스직,결혼·장례 등 예식 서비스원,4399,JF_SVC_03,뷰티·미용·웰니스,15,서비스·식음료,name_match,high,active,KECO_2025/JF_v12,2026-03-23,2026-03-23,
BKJ_0254,5131,반려동물 훈련사 및 행동 상담사,미용·여행·숙박·음식·경비·청소직,미용·예식 및 반려동물 서비스직,반려동물 서비스원,4332,JF_SVC_03,뷰티·미용·웰니스,15,서비스·식음료,name_match,high,active,KECO_2025/JF_v12,2026-03-23,2026-03-23,
BKJ_0255,5132,반려동물 관리 종사원,미용·여행·숙박·음식·경비·청소직,미용·예식 및 반려동물 서비스직,반려동물 서비스원,4333,JF_SVC_03,뷰티·미용·웰니스,15,서비스·식음료,name_match,high,active,KECO_2025/JF_v12,2026-03-23,2026-03-23,
BKJ_0256,5211,여행 상품 개발자,미용·여행·숙박·음식·경비·청소직,여행·숙박·오락 서비스직,여행 서비스원,2832,JF_STR_04,상품기획·PO·서비스기획,01,기획·전략,name_match,high,active,KECO_2025/JF_v12,2026-03-23,2026-03-23,
BKJ_0257,5212,여행 사무원,미용·여행·숙박·음식·경비·청소직,여행·숙박·오락 서비스직,여행 서비스원,3611,JF_HR_04,조직개발·OD·조직문화,04,인사·노무·HRD,name_match,high,active,KECO_2025/JF_v12,2026-03-23,2026-03-23,
BKJ_0258,5213,관광 서비스 종사원,미용·여행·숙박·음식·경비·청소직,여행·숙박·오락 서비스직,여행 서비스원,4421,JF_SVC_03,뷰티·미용·웰니스,15,서비스·식음료,name_match,high,active,KECO_2025/JF_v12,2026-03-23,2026-03-23,
BKJ_0259,5221,항공기 객실 승무원,미용·여행·숙박·음식·경비·청소직,여행·숙박·오락 서비스직,항공기·선박·열차 객실승무원,4411,JF_SVC_03,뷰티·미용·웰니스,15,서비스·식음료,name_match,high,active,KECO_2025/JF_v12,2026-03-23,2026-03-23,
BKJ_0260,5222,선박 및 열차 객실 승무원,미용·여행·숙박·음식·경비·청소직,여행·숙박·오락 서비스직,항공기·선박·열차 객실승무원,4412,JF_SVC_03,뷰티·미용·웰니스,15,서비스·식음료,name_match,high,active,KECO_2025/JF_v12,2026-03-23,2026-03-23,
BKJ_0261,5230,숙박시설 서비스 종사원,미용·여행·숙박·음식·경비·청소직,여행·숙박·오락 서비스직,숙박시설 서비스원,4422,JF_SVC_03,뷰티·미용·웰니스,15,서비스·식음료,name_match,high,active,KECO_2025/JF_v12,2026-03-23,2026-03-23,
BKJ_0262,5240,오락시설 서비스 종사원,미용·여행·숙박·음식·경비·청소직,여행·숙박·오락 서비스직,오락시설 서비스원,4423,JF_SVC_03,뷰티·미용·웰니스,15,서비스·식음료,name_match,high,active,KECO_2025/JF_v12,2026-03-23,2026-03-23,
BKJ_0263,5311,주방장 및 요리 연구가,미용·여행·숙박·음식·경비·청소직,음식 서비스직,주방장 및 조리사,2970,JF_SVC_02,식·음료·F&B,15,서비스·식음료,name_match,high,active,KECO_2025/JF_v12,2026-03-23,2026-03-23,
BKJ_0264,5312,한식 조리사,미용·여행·숙박·음식·경비·청소직,음식 서비스직,주방장 및 조리사,4511,JF_SVC_03,뷰티·미용·웰니스,15,서비스·식음료,name_match,high,active,KECO_2025/JF_v12,2026-03-23,2026-03-23,
BKJ_0265,5313,중식 조리사,미용·여행·숙박·음식·경비·청소직,음식 서비스직,주방장 및 조리사,4512,JF_SVC_03,뷰티·미용·웰니스,15,서비스·식음료,name_match,high,active,KECO_2025/JF_v12,2026-03-23,2026-03-23,
BKJ_0266,5314,양식 조리사,미용·여행·숙박·음식·경비·청소직,음식 서비스직,주방장 및 조리사,4513,JF_SVC_03,뷰티·미용·웰니스,15,서비스·식음료,name_match,high,active,KECO_2025/JF_v12,2026-03-23,2026-03-23,
BKJ_0267,5315,일식 조리사,미용·여행·숙박·음식·경비·청소직,음식 서비스직,주방장 및 조리사,4514,JF_SVC_03,뷰티·미용·웰니스,15,서비스·식음료,name_match,high,active,KECO_2025/JF_v12,2026-03-23,2026-03-23,
BKJ_0268,5316,바텐더,미용·여행·숙박·음식·경비·청소직,음식 서비스직,주방장 및 조리사,4522,JF_SVC_03,뷰티·미용·웰니스,15,서비스·식음료,name_match,high,active,KECO_2025/JF_v12,2026-03-23,2026-03-23,
BKJ_0269,5317,음료 조리원,미용·여행·숙박·음식·경비·청소직,음식 서비스직,주방장 및 조리사,4521,JF_SVC_03,뷰티·미용·웰니스,15,서비스·식음료,name_match,high,active,KECO_2025/JF_v12,2026-03-23,2026-03-23,
BKJ_0270,5318,단체급식 조리사,미용·여행·숙박·음식·경비·청소직,음식 서비스직,주방장 및 조리사,4515,JF_SVC_03,뷰티·미용·웰니스,15,서비스·식음료,name_match,high,active,KECO_2025/JF_v12,2026-03-23,2026-03-23,
BKJ_0271,5319,기타 조리사,미용·여행·숙박·음식·경비·청소직,음식 서비스직,주방장 및 조리사,4519,JF_SVC_03,뷰티·미용·웰니스,15,서비스·식음료,name_match,high,active,KECO_2025/JF_v12,2026-03-23,2026-03-23,
BKJ_0272,5321,패스트푸드 준비원,미용·여행·숙박·음식·경비·청소직,음식 서비스직,식당 서비스원,9521,JF_SVC_06,기능·숙련기술직,15,서비스·식음료,name_match,high,active,KECO_2025/JF_v12,2026-03-23,2026-03-23,
BKJ_0273,5322,식음료 서비스 종사원,미용·여행·숙박·음식·경비·청소직,음식 서비스직,식당 서비스원,4531,JF_SVC_03,뷰티·미용·웰니스,15,서비스·식음료,name_match,high,active,KECO_2025/JF_v12,2026-03-23,2026-03-23,
BKJ_0274,5323,주방 보조원,미용·여행·숙박·음식·경비·청소직,음식 서비스직,식당 서비스원,9522,JF_SVC_06,기능·숙련기술직,15,서비스·식음료,name_match,high,active,KECO_2025/JF_v12,2026-03-23,2026-03-23,
BKJ_0275,5329,기타 식음료 서비스 종사원,미용·여행·숙박·음식·경비·청소직,음식 서비스직,식당 서비스원,4539,JF_SVC_03,뷰티·미용·웰니스,15,서비스·식음료,name_match,high,active,KECO_2025/JF_v12,2026-03-23,2026-03-23,
BKJ_0276,5411,경호원,미용·여행·숙박·음식·경비·청소직,경호·경비직,경호·보안 종사자,4121,JF_SVC_05,스포츠·레저·트레이너,15,서비스·식음료,name_match,high,active,KECO_2025/JF_v12,2026-03-23,2026-03-23,
BKJ_0277,5412,청원경찰,미용·여행·숙박·음식·경비·청소직,경호·경비직,경호·보안 종사자,4122,JF_SVC_05,스포츠·레저·트레이너,15,서비스·식음료,name_match,high,active,KECO_2025/JF_v12,2026-03-23,2026-03-23,
BKJ_0278,5413,시설 및 특수 경비원,미용·여행·숙박·음식·경비·청소직,경호·경비직,경호·보안 종사자,4123,JF_SVC_05,스포츠·레저·트레이너,15,서비스·식음료,name_match,high,active,KECO_2025/JF_v12,2026-03-23,2026-03-23,
BKJ_0279,5414,보안 관제원,미용·여행·숙박·음식·경비·청소직,경호·경비직,경호·보안 종사자,4124,JF_SVC_05,스포츠·레저·트레이너,15,서비스·식음료,name_match,high,active,KECO_2025/JF_v12,2026-03-23,2026-03-23,
BKJ_0280,5419,기타 경호 및 보안 관련 종사원,미용·여행·숙박·음식·경비·청소직,경호·경비직,경호·보안 종사자,4129,JF_SVC_05,스포츠·레저·트레이너,15,서비스·식음료,name_match,high,active,KECO_2025/JF_v12,2026-03-23,2026-03-23,
BKJ_0281,5420,건물 관리원,미용·여행·숙박·음식·경비·청소직,경호·경비직,경비원,9420,JF_SVC_06,기능·숙련기술직,15,서비스·식음료,name_match,high,active,KECO_2025/JF_v12,2026-03-23,2026-03-23,
BKJ_0282,5501,요양보호사,미용·여행·숙박·음식·경비·청소직,돌봄 서비스직(간병·육아),돌봄 서비스 종사자,4221,JF_EDU_03,학원강사·과외·방문교사,20,교육,name_match,high,active,KECO_2025/JF_v12,2026-03-23,2026-03-23,
BKJ_0283,5502,간병인,미용·여행·숙박·음식·경비·청소직,돌봄 서비스직(간병·육아),돌봄 서비스 종사자,4222,JF_EDU_03,학원강사·과외·방문교사,20,교육,name_match,high,active,KECO_2025/JF_v12,2026-03-23,2026-03-23,
BKJ_0284,5503,노인 돌봄 종사원,미용·여행·숙박·음식·경비·청소직,돌봄 서비스직(간병·육아),돌봄 서비스 종사자,4231,JF_EDU_03,학원강사·과외·방문교사,20,교육,name_match,high,active,KECO_2025/JF_v12,2026-03-23,2026-03-23,
BKJ_0285,5504,장애인 돌봄 종사원,미용·여행·숙박·음식·경비·청소직,돌봄 서비스직(간병·육아),돌봄 서비스 종사자,4232,JF_EDU_03,학원강사·과외·방문교사,20,교육,name_match,high,active,KECO_2025/JF_v12,2026-03-23,2026-03-23,
BKJ_0286,5505,육아 도우미,미용·여행·숙박·음식·경비·청소직,돌봄 서비스직(간병·육아),돌봄 서비스 종사자,9512,JF_SVC_06,기능·숙련기술직,15,서비스·식음료,name_match,high,active,KECO_2025/JF_v12,2026-03-23,2026-03-23,
BKJ_0287,5611,건물 청소원,미용·여행·숙박·음식·경비·청소직,청소 및 기타 개인서비스직,청소 종사자,9411,JF_SVC_06,기능·숙련기술직,15,서비스·식음료,name_match,high,active,KECO_2025/JF_v12,2026-03-23,2026-03-23,
BKJ_0288,5612,운송 및 시설장비 청소원,미용·여행·숙박·음식·경비·청소직,청소 및 기타 개인서비스직,청소 종사자,9412,JF_SVC_06,기능·숙련기술직,15,서비스·식음료,name_match,high,active,KECO_2025/JF_v12,2026-03-23,2026-03-23,
BKJ_0289,5613,거리 및 공공장소 청소원,미용·여행·숙박·음식·경비·청소직,청소 및 기타 개인서비스직,청소 종사자,9413,JF_SVC_06,기능·숙련기술직,15,서비스·식음료,name_match,high,active,KECO_2025/JF_v12,2026-03-23,2026-03-23,
BKJ_0290,5614,재활용품 및 쓰레기 수거원,미용·여행·숙박·음식·경비·청소직,청소 및 기타 개인서비스직,청소 종사자,9414,JF_SVC_06,기능·숙련기술직,15,서비스·식음료,name_match,high,active,KECO_2025/JF_v12,2026-03-23,2026-03-23,
BKJ_0291,5619,기타 청소 관련 종사원,미용·여행·숙박·음식·경비·청소직,청소 및 기타 개인서비스직,청소 종사자,9419,JF_SVC_06,기능·숙련기술직,15,서비스·식음료,name_match,high,active,KECO_2025/JF_v12,2026-03-23,2026-03-23,
BKJ_0292,5621,세정원,미용·여행·숙박·음식·경비·청소직,청소 및 기타 개인서비스직,세정원 및 방역원,7991,JF_SVC_06,기능·숙련기술직,15,서비스·식음료,name_match,high,active,KECO_2025/JF_v12,2026-03-23,2026-03-23,
BKJ_0293,5622,방역원,미용·여행·숙박·음식·경비·청소직,청소 및 기타 개인서비스직,세정원 및 방역원,7992,JF_SVC_06,기능·숙련기술직,15,서비스·식음료,name_match,high,active,KECO_2025/JF_v12,2026-03-23,2026-03-23,
BKJ_0294,5631,구두 미화원,미용·여행·숙박·음식·경비·청소직,청소 및 기타 개인서비스직,가사 서비스원,9991,JF_SVC_06,기능·숙련기술직,15,서비스·식음료,name_match,high,active,KECO_2025/JF_v12,2026-03-23,2026-03-23,
BKJ_0295,5632,세탁원 및 다림질원,미용·여행·숙박·음식·경비·청소직,청소 및 기타 개인서비스직,가사 서비스원,9992,JF_SVC_06,기능·숙련기술직,15,서비스·식음료,name_match,high,active,KECO_2025/JF_v12,2026-03-23,2026-03-23,
BKJ_0296,5633,가사 도우미,미용·여행·숙박·음식·경비·청소직,청소 및 기타 개인서비스직,가사 서비스원,9511,JF_SVC_06,기능·숙련기술직,15,서비스·식음료,name_match,high,active,KECO_2025/JF_v12,2026-03-23,2026-03-23,
BKJ_0297,5641,계기 검침원 및 가스 점검원,미용·여행·숙박·음식·경비·청소직,청소 및 기타 개인서비스직,검침·주차관리 및 기타 서비스 단순 종사자,9921,JF_SVC_06,기능·숙련기술직,15,서비스·식음료,name_match,high,active,KECO_2025/JF_v12,2026-03-23,2026-03-23,
BKJ_0298,5642,자동판매기 관리원,미용·여행·숙박·음식·경비·청소직,청소 및 기타 개인서비스직,검침·주차관리 및 기타 서비스 단순 종사자,9922,JF_SVC_06,기능·숙련기술직,15,서비스·식음료,name_match,high,active,KECO_2025/JF_v12,2026-03-23,2026-03-23,
BKJ_0299,5643,주차 관리원 및 안내원,미용·여행·숙박·음식·경비·청소직,청소 및 기타 개인서비스직,검침·주차관리 및 기타 서비스 단순 종사자,9923,JF_SVC_06,기능·숙련기술직,15,서비스·식음료,name_match,high,active,KECO_2025/JF_v12,2026-03-23,2026-03-23,
BKJ_0300,5644,검표원,미용·여행·숙박·음식·경비·청소직,청소 및 기타 개인서비스직,검침·주차관리 및 기타 서비스 단순 종사자,9993,JF_SVC_06,기능·숙련기술직,15,서비스·식음료,name_match,high,active,KECO_2025/JF_v12,2026-03-23,2026-03-23,
BKJ_0301,5645,대여 제품 방문 점검원,미용·여행·숙박·음식·경비·청소직,청소 및 기타 개인서비스직,검침·주차관리 및 기타 서비스 단순 종사자,9994,JF_SVC_06,기능·숙련기술직,15,서비스·식음료,name_match,high,active,KECO_2025/JF_v12,2026-03-23,2026-03-23,
BKJ_0302,5649,기타 서비스 관련 단순 종사원,미용·여행·숙박·음식·경비·청소직,청소 및 기타 개인서비스직,검침·주차관리 및 기타 서비스 단순 종사자,9999,JF_SVC_06,기능·숙련기술직,15,서비스·식음료,name_match,high,active,KECO_2025/JF_v12,2026-03-23,2026-03-23,
BKJ_0303,6110,부동산 컨설턴트 및 중개사,영업·판매·운전·운송직,영업·판매직,부동산 컨설턴트 및 중개사,2845,JF_SAL_06,영업관리·영업지원,09,영업·판매·무역,name_match,high,active,KECO_2025/JF_v12,2026-03-23,2026-03-23,
BKJ_0304,6121,기술 영업원,영업·판매·운전·운송직,영업·판매직,기술·해외 영업원 및 상품중개인,2843,JF_SAL_02,기술영업·IT영업,09,영업·판매·무역,name_match,high,active,KECO_2025/JF_v12,2026-03-23,2026-03-23,
BKJ_0305,6122,해외 영업원,영업·판매·운전·운송직,영업·판매직,기술·해외 영업원 및 상품중개인,2842,JF_SAL_03,해외영업·무역·수출입,09,영업·판매·무역,name_match,high,active,KECO_2025/JF_v12,2026-03-23,2026-03-23,
BKJ_0306,6123,상품중개인 및 경매사,영업·판매·운전·운송직,영업·판매직,기술·해외 영업원 및 상품중개인,2844,JF_SAL_06,영업관리·영업지원,09,영업·판매·무역,name_match,high,active,KECO_2025/JF_v12,2026-03-23,2026-03-23,
BKJ_0307,6129,기타 기술 영업 및 중개 관련 종사원,영업·판매·운전·운송직,영업·판매직,기술·해외 영업원 및 상품중개인,2849,JF_SAL_02,기술영업·IT영업,09,영업·판매·무역,name_match,high,active,KECO_2025/JF_v12,2026-03-23,2026-03-23,
BKJ_0308,6131,자동차 영업원,영업·판매·운전·운송직,영업·판매직,자동차 및 제품 영업원,5101,JF_SAL_04,B2C·리테일영업,09,영업·판매·무역,name_match,high,active,KECO_2025/JF_v12,2026-03-23,2026-03-23,
BKJ_0309,6132,제품 영업원,영업·판매·운전·운송직,영업·판매직,자동차 및 제품 영업원,5102,JF_SAL_01,B2B영업·법인영업,09,영업·판매·무역,name_match,high,active,KECO_2025/JF_v12,2026-03-23,2026-03-23,
BKJ_0310,6139,기타 영업원,영업·판매·운전·운송직,영업·판매직,자동차 및 제품 영업원,5109,JF_SAL_04,B2C·리테일영업,09,영업·판매·무역,name_match,high,active,KECO_2025/JF_v12,2026-03-23,2026-03-23,
BKJ_0311,6140,텔레마케터,영업·판매·운전·운송직,영업·판매직,텔레마케터,5313,JF_CS_03,아웃바운드·TM,10,고객상담·TM,name_match,high,active,KECO_2025/JF_v12,2026-03-23,2026-03-23,
BKJ_0312,6151,소규모 상점 경영 및 일선 관리 종사원,영업·판매·운전·운송직,영업·판매직,판매 종사자,5211,JF_SVC_08,매장관리·점장·리테일운영,15,서비스·식음료,name_match,high,active,KECO_2025/JF_v12,2026-03-23,2026-03-23,
BKJ_0313,6152,상점 판매원,영업·판매·운전·운송직,영업·판매직,판매 종사자,5212,JF_SVC_09,고객서비스·판매직,15,서비스·식음료,name_match,high,active,KECO_2025/JF_v12,2026-03-23,2026-03-23,
BKJ_0314,6153,단말기 및 통신 서비스 판매원,영업·판매·운전·운송직,영업·판매직,판매 종사자,5311,JF_SAL_04,B2C·리테일영업,09,영업·판매·무역,name_match,high,active,KECO_2025/JF_v12,2026-03-23,2026-03-23,
BKJ_0315,6154,온라인 쇼핑 판매원,영업·판매·운전·운송직,영업·판매직,판매 종사자,5312,JF_SAL_04,B2C·리테일영업,09,영업·판매·무역,name_match,high,active,KECO_2025/JF_v12,2026-03-23,2026-03-23,
BKJ_0316,6155,상품 대여원,영업·판매·운전·운송직,영업·판매직,판매 종사자,5220,JF_SVC_09,고객서비스·판매직,15,서비스·식음료,name_match,high,active,KECO_2025/JF_v12,2026-03-23,2026-03-23,
BKJ_0317,6156,노점 및 이동 판매원,영업·판매·운전·운송직,영업·판매직,판매 종사자,5322,JF_SAL_04,B2C·리테일영업,09,영업·판매·무역,name_match,high,active,KECO_2025/JF_v12,2026-03-23,2026-03-23,
BKJ_0318,6157,방문 판매원,영업·판매·운전·운송직,영업·판매직,판매 종사자,5321,JF_SAL_04,B2C·리테일영업,09,영업·판매·무역,name_match,high,active,KECO_2025/JF_v12,2026-03-23,2026-03-23,
BKJ_0319,6158,주유원,영업·판매·운전·운송직,영업·판매직,판매 종사자,9531,JF_SVC_06,기능·숙련기술직,15,서비스·식음료,name_match,high,active,KECO_2025/JF_v12,2026-03-23,2026-03-23,
BKJ_0320,6161,매장 계산원 및 요금 정산원,영업·판매·운전·운송직,영업·판매직,매장 계산원 및 매표원,5214,JF_SVC_09,고객서비스·판매직,15,서비스·식음료,name_match,high,active,KECO_2025/JF_v12,2026-03-23,2026-03-23,
BKJ_0321,6162,매표원 및 복권 판매원,영업·판매·운전·운송직,영업·판매직,매장 계산원 및 매표원,5213,JF_SVC_09,고객서비스·판매직,15,서비스·식음료,name_match,high,active,KECO_2025/JF_v12,2026-03-23,2026-03-23,
BKJ_0322,6171,홍보 도우미 및 판촉원,영업·판매·운전·운송직,영업·판매직,판촉 및 기타 판매 단순 종사자,5105,JF_MKT_07,광고기획·AE,02,마케팅·홍보·조사,name_match,high,active,KECO_2025/JF_v12,2026-03-23,2026-03-23,
BKJ_0323,6179,기타 판매 관련 단순 종사원,영업·판매·운전·운송직,영업·판매직,판촉 및 기타 판매 단순 종사자,9539,JF_SVC_06,기능·숙련기술직,15,서비스·식음료,name_match,high,active,KECO_2025/JF_v12,2026-03-23,2026-03-23,
BKJ_0324,6211,항공기 조종사,영업·판매·운전·운송직,운전·운송직,항공기·선박·철도 조종사 및 관제사,2381,JF_SVC_04,경호·경비·시설보안,15,서비스·식음료,name_match,high,active,KECO_2025/JF_v12,2026-03-23,2026-03-23,
BKJ_0325,6212,선장 및 항해사·도선사,영업·판매·운전·운송직,운전·운송직,항공기·선박·철도 조종사 및 관제사,2382,JF_SVC_04,경호·경비·시설보안,15,서비스·식음료,name_match,high,active,KECO_2025/JF_v12,2026-03-23,2026-03-23,
BKJ_0326,6213,철도 및 전동차 기관사,영업·판매·운전·운송직,운전·운송직,항공기·선박·철도 조종사 및 관제사,8711,JF_SVC_04,경호·경비·시설보안,15,서비스·식음료,name_match,high,active,KECO_2025/JF_v12,2026-03-23,2026-03-23,
BKJ_0327,6214,관제사,영업·판매·운전·운송직,운전·운송직,항공기·선박·철도 조종사 및 관제사,2383,JF_SVC_04,경호·경비·시설보안,15,서비스·식음료,name_match,high,active,KECO_2025/JF_v12,2026-03-23,2026-03-23,
BKJ_0328,6219,철도운송 관련 종사원,영업·판매·운전·운송직,운전·운송직,항공기·선박·철도 조종사 및 관제사,8712,JF_SVC_04,경호·경비·시설보안,15,서비스·식음료,name_match,high,active,KECO_2025/JF_v12,2026-03-23,2026-03-23,
BKJ_0329,6221,택시 운전원,영업·판매·운전·운송직,운전·운송직,자동차 운전원,8721,JF_SVC_04,경호·경비·시설보안,15,서비스·식음료,name_match,high,active,KECO_2025/JF_v12,2026-03-23,2026-03-23,
BKJ_0330,6222,버스 운전원,영업·판매·운전·운송직,운전·운송직,자동차 운전원,8722,JF_SVC_04,경호·경비·시설보안,15,서비스·식음료,name_match,high,active,KECO_2025/JF_v12,2026-03-23,2026-03-23,
BKJ_0331,6223,화물차 및 특수차 운전원,영업·판매·운전·운송직,운전·운송직,자동차 운전원,8723,JF_SVC_04,경호·경비·시설보안,15,서비스·식음료,name_match,high,active,KECO_2025/JF_v12,2026-03-23,2026-03-23,
BKJ_0332,6229,기타 자동차 운전원,영업·판매·운전·운송직,운전·운송직,자동차 운전원,8729,JF_SVC_04,경호·경비·시설보안,15,서비스·식음료,name_match,high,active,KECO_2025/JF_v12,2026-03-23,2026-03-23,
BKJ_0333,6230,물품 이동 장비 조작원,영업·판매·운전·운송직,운전·운송직,물품이동장비 조작원(크레인·호이스트·지게차),8730,JF_SVC_04,경호·경비·시설보안,15,서비스·식음료,name_match,high,active,KECO_2025/JF_v12,2026-03-23,2026-03-23,
BKJ_0334,6241,택배원,영업·판매·운전·운송직,운전·운송직,택배원 및 기타 운송 종사자,9222,JF_OPS_02,자재관리·재고관리,11,구매·자재·물류,name_match,high,active,KECO_2025/JF_v12,2026-03-23,2026-03-23,
BKJ_0335,6242,늘찬배달원,영업·판매·운전·운송직,운전·운송직,택배원 및 기타 운송 종사자,9223,JF_OPS_02,자재관리·재고관리,11,구매·자재·물류,name_match,high,active,KECO_2025/JF_v12,2026-03-23,2026-03-23,
BKJ_0336,6243,우편집배원,영업·판매·운전·운송직,운전·운송직,택배원 및 기타 운송 종사자,9221,JF_OPS_02,자재관리·재고관리,11,구매·자재·물류,name_match,high,active,KECO_2025/JF_v12,2026-03-23,2026-03-23,
BKJ_0337,6244,선박 승무원 및 관련 종사원,영업·판매·운전·운송직,운전·운송직,택배원 및 기타 운송 종사자,8750,JF_SVC_04,경호·경비·시설보안,15,서비스·식음료,name_match,high,active,KECO_2025/JF_v12,2026-03-23,2026-03-23,
BKJ_0338,6245,하역 및 적재 단순 종사원,영업·판매·운전·운송직,운전·운송직,택배원 및 기타 운송 종사자,9211,JF_SVC_06,기능·숙련기술직,15,서비스·식음료,name_match,high,active,KECO_2025/JF_v12,2026-03-23,2026-03-23,
BKJ_0339,6246,화물 분류원,영업·판매·운전·운송직,운전·운송직,택배원 및 기타 운송 종사자,9212,JF_SVC_06,기능·숙련기술직,15,서비스·식음료,name_match,high,active,KECO_2025/JF_v12,2026-03-23,2026-03-23,
BKJ_0340,6247,정기배달원,영업·판매·운전·운송직,운전·운송직,택배원 및 기타 운송 종사자,9224,JF_OPS_02,자재관리·재고관리,11,구매·자재·물류,name_match,high,active,KECO_2025/JF_v12,2026-03-23,2026-03-23,
BKJ_0341,6249,기타 배달원,영업·판매·운전·운송직,운전·운송직,택배원 및 기타 운송 종사자,9229,JF_OPS_02,자재관리·재고관리,11,구매·자재·물류,name_match,high,active,KECO_2025/JF_v12,2026-03-23,2026-03-23,
BKJ_0342,7011,강구조물 가공원 및 건립원,건설·채굴직,건설·채굴직,건설구조 기능원,7811,JF_CON_01,건축설계·건축기사·감리,14,건설·건축,name_match,high,active,KECO_2025/JF_v12,2026-03-23,2026-03-23,
BKJ_0343,7012,경량 철골공,건설·채굴직,건설·채굴직,건설구조 기능원,7812,JF_CON_01,건축설계·건축기사·감리,14,건설·건축,name_match,high,active,KECO_2025/JF_v12,2026-03-23,2026-03-23,
BKJ_0344,7013,철근공,건설·채굴직,건설·채굴직,건설구조 기능원,7821,JF_CON_01,건축설계·건축기사·감리,14,건설·건축,name_match,high,active,KECO_2025/JF_v12,2026-03-23,2026-03-23,
BKJ_0345,7014,콘크리트공,건설·채굴직,건설·채굴직,건설구조 기능원,7822,JF_CON_01,건축설계·건축기사·감리,14,건설·건축,name_match,high,active,KECO_2025/JF_v12,2026-03-23,2026-03-23,
BKJ_0346,7015,건축 석공,건설·채굴직,건설·채굴직,건설구조 기능원,7823,JF_CON_01,건축설계·건축기사·감리,14,건설·건축,name_match,high,active,KECO_2025/JF_v12,2026-03-23,2026-03-23,
BKJ_0347,7016,건축 목공,건설·채굴직,건설·채굴직,건설구조 기능원,7824,JF_CON_01,건축설계·건축기사·감리,14,건설·건축,name_match,high,active,KECO_2025/JF_v12,2026-03-23,2026-03-23,
BKJ_0348,7017,조적공 및 석재 부설원,건설·채굴직,건설·채굴직,건설구조 기능원,7825,JF_CON_01,건축설계·건축기사·감리,14,건설·건축,name_match,high,active,KECO_2025/JF_v12,2026-03-23,2026-03-23,
BKJ_0349,7019,기타 건설 관련 기능 종사원,건설·채굴직,건설·채굴직,건설구조 기능원,7829,JF_CON_01,건축설계·건축기사·감리,14,건설·건축,name_match,high,active,KECO_2025/JF_v12,2026-03-23,2026-03-23,
BKJ_0350,7021,미장공,건설·채굴직,건설·채굴직,건축마감 기능원,7831,JF_CON_01,건축설계·건축기사·감리,14,건설·건축,name_match,high,active,KECO_2025/JF_v12,2026-03-23,2026-03-23,
BKJ_0351,7022,방수공,건설·채굴직,건설·채굴직,건축마감 기능원,7832,JF_CON_01,건축설계·건축기사·감리,14,건설·건축,name_match,high,active,KECO_2025/JF_v12,2026-03-23,2026-03-23,
BKJ_0352,7023,단열공,건설·채굴직,건설·채굴직,건축마감 기능원,7833,JF_CON_01,건축설계·건축기사·감리,14,건설·건축,name_match,high,active,KECO_2025/JF_v12,2026-03-23,2026-03-23,
BKJ_0353,7024,바닥재 시공원,건설·채굴직,건설·채굴직,건축마감 기능원,7834,JF_CON_01,건축설계·건축기사·감리,14,건설·건축,name_match,high,active,KECO_2025/JF_v12,2026-03-23,2026-03-23,
BKJ_0354,7025,도배공 및 유리 부착원,건설·채굴직,건설·채굴직,건축마감 기능원,7835,JF_CON_01,건축설계·건축기사·감리,14,건설·건축,name_match,high,active,KECO_2025/JF_v12,2026-03-23,2026-03-23,
BKJ_0355,7026,건축 도장공,건설·채굴직,건설·채굴직,건축마감 기능원,7836,JF_CON_01,건축설계·건축기사·감리,14,건설·건축,name_match,high,active,KECO_2025/JF_v12,2026-03-23,2026-03-23,
BKJ_0356,7027,새시 조립 및 설치원,건설·채굴직,건설·채굴직,건축마감 기능원,7837,JF_CON_01,건축설계·건축기사·감리,14,건설·건축,name_match,high,active,KECO_2025/JF_v12,2026-03-23,2026-03-23,
BKJ_0357,7029,기타 건축 마감 관련 기능 종사원,건설·채굴직,건설·채굴직,건축마감 기능원,7839,JF_CON_01,건축설계·건축기사·감리,14,건설·건축,name_match,high,active,KECO_2025/JF_v12,2026-03-23,2026-03-23,
BKJ_0358,7031,건설 배관공,건설·채굴직,건설·채굴직,배관공,7921,JF_SVC_06,기능·숙련기술직,15,서비스·식음료,name_match,high,active,KECO_2025/JF_v12,2026-03-23,2026-03-23,
BKJ_0359,7032,공업 배관공,건설·채굴직,건설·채굴직,배관공,7922,JF_SVC_06,기능·숙련기술직,15,서비스·식음료,name_match,high,active,KECO_2025/JF_v12,2026-03-23,2026-03-23,
BKJ_0360,7039,기타 배관공,건설·채굴직,건설·채굴직,배관공,7929,JF_SVC_06,기능·숙련기술직,15,서비스·식음료,name_match,high,active,KECO_2025/JF_v12,2026-03-23,2026-03-23,
BKJ_0361,7040,건설 및 채굴기계 운전원,건설·채굴직,건설·채굴직,건설·채굴 기계 운전원,8740,JF_SVC_04,경호·경비·시설보안,15,서비스·식음료,name_match,high,active,KECO_2025/JF_v12,2026-03-23,2026-03-23,
BKJ_0362,7051,광원·채석원 및 석재 절단원,건설·채굴직,건설·채굴직,기타 건설 기능원(채굴포함),7841,JF_CON_01,건축설계·건축기사·감리,14,건설·건축,name_match,high,active,KECO_2025/JF_v12,2026-03-23,2026-03-23,
BKJ_0363,7052,철로 설치 및 보수원,건설·채굴직,건설·채굴직,기타 건설 기능원(채굴포함),7842,JF_CON_01,건축설계·건축기사·감리,14,건설·건축,name_match,high,active,KECO_2025/JF_v12,2026-03-23,2026-03-23,
BKJ_0364,7059,기타 채굴 및 토목 관련 종사원,건설·채굴직,건설·채굴직,기타 건설 기능원(채굴포함),7849,JF_CON_01,건축설계·건축기사·감리,14,건설·건축,name_match,high,active,KECO_2025/JF_v12,2026-03-23,2026-03-23,
BKJ_0365,7060,건설 및 광업 단순 종사원,건설·채굴직,건설·채굴직,건설·채굴 단순 종사자,9100,JF_MFG_01,생산관리·공정엔지니어,13,생산·품질·안전,name_match,high,active,KECO_2025/JF_v12,2026-03-23,2026-03-23,
BKJ_0366,8111,로봇 설치 및 정비원,설치·정비·생산직,기계 설치·정비·생산직,기계장비 설치·정비원(운송장비 제외),7531,JF_MFG_04,설비·유지보수·기계정비,13,생산·품질·안전,name_match,high,active,KECO_2025/JF_v12,2026-03-23,2026-03-23,
BKJ_0367,8112,공업기계 설치 및 정비원,설치·정비·생산직,기계 설치·정비·생산직,기계장비 설치·정비원(운송장비 제외),7532,JF_MFG_04,설비·유지보수·기계정비,13,생산·품질·안전,name_match,high,active,KECO_2025/JF_v12,2026-03-23,2026-03-23,
BKJ_0368,8113,승강기 설치 및 정비원,설치·정비·생산직,기계 설치·정비·생산직,기계장비 설치·정비원(운송장비 제외),7533,JF_MFG_04,설비·유지보수·기계정비,13,생산·품질·안전,name_match,high,active,KECO_2025/JF_v12,2026-03-23,2026-03-23,
BKJ_0369,8114,물품 이동 장비 설치 및 정비원,설치·정비·생산직,기계 설치·정비·생산직,기계장비 설치·정비원(운송장비 제외),7534,JF_MFG_04,설비·유지보수·기계정비,13,생산·품질·안전,name_match,high,active,KECO_2025/JF_v12,2026-03-23,2026-03-23,
BKJ_0370,8115,냉동·냉장·공조기 설치 및 정비원,설치·정비·생산직,기계 설치·정비·생산직,기계장비 설치·정비원(운송장비 제외),7535,JF_MFG_04,설비·유지보수·기계정비,13,생산·품질·안전,name_match,high,active,KECO_2025/JF_v12,2026-03-23,2026-03-23,
BKJ_0371,8116,보일러 설치 및 정비원,설치·정비·생산직,기계 설치·정비·생산직,기계장비 설치·정비원(운송장비 제외),7536,JF_MFG_04,설비·유지보수·기계정비,13,생산·품질·안전,name_match,high,active,KECO_2025/JF_v12,2026-03-23,2026-03-23,
BKJ_0372,8117,건설·광업기계 설치 및 정비원,설치·정비·생산직,기계 설치·정비·생산직,기계장비 설치·정비원(운송장비 제외),7537,JF_MFG_04,설비·유지보수·기계정비,13,생산·품질·안전,name_match,high,active,KECO_2025/JF_v12,2026-03-23,2026-03-23,
BKJ_0373,8119,농업용·기타 기계장비 설치 및 정비원,설치·정비·생산직,기계 설치·정비·생산직,기계장비 설치·정비원(운송장비 제외),7539,JF_MFG_04,설비·유지보수·기계정비,13,생산·품질·안전,name_match,high,active,KECO_2025/JF_v12,2026-03-23,2026-03-23,
BKJ_0374,8121,항공기 정비원,설치·정비·생산직,기계 설치·정비·생산직,운송장비 정비원,7521,JF_SVC_06,기능·숙련기술직,15,서비스·식음료,name_match,high,active,KECO_2025/JF_v12,2026-03-23,2026-03-23,
BKJ_0375,8122,선박 정비원,설치·정비·생산직,기계 설치·정비·생산직,운송장비 정비원,7522,JF_SVC_06,기능·숙련기술직,15,서비스·식음료,name_match,high,active,KECO_2025/JF_v12,2026-03-23,2026-03-23,
BKJ_0376,8123,철도 기관차 및 전동차 정비원,설치·정비·생산직,기계 설치·정비·생산직,운송장비 정비원,7523,JF_SVC_06,기능·숙련기술직,15,서비스·식음료,name_match,high,active,KECO_2025/JF_v12,2026-03-23,2026-03-23,
BKJ_0377,8124,자동차 정비원,설치·정비·생산직,기계 설치·정비·생산직,운송장비 정비원,7510,JF_SVC_06,기능·숙련기술직,15,서비스·식음료,name_match,high,active,KECO_2025/JF_v12,2026-03-23,2026-03-23,
BKJ_0378,8129,기타 운송장비 정비원,설치·정비·생산직,기계 설치·정비·생산직,운송장비 정비원,7529,JF_SVC_06,기능·숙련기술직,15,서비스·식음료,name_match,high,active,KECO_2025/JF_v12,2026-03-23,2026-03-23,
BKJ_0379,8131,금형원,설치·정비·생산직,기계 설치·정비·생산직,금형원 및 공작기계 조작원,7401,JF_SVC_06,기능·숙련기술직,15,서비스·식음료,name_match,high,active,KECO_2025/JF_v12,2026-03-23,2026-03-23,
BKJ_0380,8132,금속 공작기계 조작원,설치·정비·생산직,기계 설치·정비·생산직,금형원 및 공작기계 조작원,8510,JF_MFG_01,생산관리·공정엔지니어,13,생산·품질·안전,name_match,high,active,KECO_2025/JF_v12,2026-03-23,2026-03-23,
BKJ_0381,8140,냉·난방 관련 설비 조작원,설치·정비·생산직,기계 설치·정비·생산직,냉·난방 설비 조작원,8520,JF_MFG_01,생산관리·공정엔지니어,13,생산·품질·안전,name_match,high,active,KECO_2025/JF_v12,2026-03-23,2026-03-23,
BKJ_0382,8150,자동조립라인 및 산업용로봇 조작원,설치·정비·생산직,기계 설치·정비·생산직,자동조립라인·산업용로봇 조작원,8530,JF_MFG_01,생산관리·공정엔지니어,13,생산·품질·안전,name_match,high,active,KECO_2025/JF_v12,2026-03-23,2026-03-23,
BKJ_0383,8161,일반기계 조립원,설치·정비·생산직,기계 설치·정비·생산직,기계 조립원(운송장비 제외),8551,JF_MFG_01,생산관리·공정엔지니어,13,생산·품질·안전,name_match,high,active,KECO_2025/JF_v12,2026-03-23,2026-03-23,
BKJ_0384,8162,기계 부품 조립원,설치·정비·생산직,기계 설치·정비·생산직,기계 조립원(운송장비 제외),8552,JF_MFG_01,생산관리·공정엔지니어,13,생산·품질·안전,name_match,high,active,KECO_2025/JF_v12,2026-03-23,2026-03-23,
BKJ_0385,8171,자동차 조립원,설치·정비·생산직,기계 설치·정비·생산직,운송장비 조립원,8541,JF_MFG_01,생산관리·공정엔지니어,13,생산·품질·안전,name_match,high,active,KECO_2025/JF_v12,2026-03-23,2026-03-23,
BKJ_0386,8172,자동차 부품 조립원,설치·정비·생산직,기계 설치·정비·생산직,운송장비 조립원,8542,JF_MFG_01,생산관리·공정엔지니어,13,생산·품질·안전,name_match,high,active,KECO_2025/JF_v12,2026-03-23,2026-03-23,
BKJ_0387,8173,운송장비 조립원,설치·정비·생산직,기계 설치·정비·생산직,운송장비 조립원,8543,JF_MFG_01,생산관리·공정엔지니어,13,생산·품질·안전,name_match,high,active,KECO_2025/JF_v12,2026-03-23,2026-03-23,
BKJ_0388,8211,금속가공 관련 제어 장치 조작원,설치·정비·생산직,금속·재료 설치·정비·생산직(판금·단조·주조·용접·도장 등),금속관련 기계·설비 조작원,8414,JF_MFG_01,생산관리·공정엔지니어,13,생산·품질·안전,name_match,high,active,KECO_2025/JF_v12,2026-03-23,2026-03-23,
BKJ_0389,8212,금속가공 기계 조작원,설치·정비·생산직,금속·재료 설치·정비·생산직(판금·단조·주조·용접·도장 등),금속관련 기계·설비 조작원,8415,JF_MFG_01,생산관리·공정엔지니어,13,생산·품질·안전,name_match,high,active,KECO_2025/JF_v12,2026-03-23,2026-03-23,
BKJ_0390,8221,판금원,설치·정비·생산직,금속·재료 설치·정비·생산직(판금·단조·주조·용접·도장 등),판금원 및 제관원,7405,JF_SVC_06,기능·숙련기술직,15,서비스·식음료,name_match,high,active,KECO_2025/JF_v12,2026-03-23,2026-03-23,
BKJ_0391,8222,판금기 조작원,설치·정비·생산직,금속·재료 설치·정비·생산직(판금·단조·주조·용접·도장 등),판금원 및 제관원,8417,JF_MFG_01,생산관리·공정엔지니어,13,생산·품질·안전,name_match,high,active,KECO_2025/JF_v12,2026-03-23,2026-03-23,
BKJ_0392,8223,제관원,설치·정비·생산직,금속·재료 설치·정비·생산직(판금·단조·주조·용접·도장 등),판금원 및 제관원,7404,JF_SVC_06,기능·숙련기술직,15,서비스·식음료,name_match,high,active,KECO_2025/JF_v12,2026-03-23,2026-03-23,
BKJ_0393,8224,제관기 조작원,설치·정비·생산직,금속·재료 설치·정비·생산직(판금·단조·주조·용접·도장 등),판금원 및 제관원,8416,JF_MFG_01,생산관리·공정엔지니어,13,생산·품질·안전,name_match,high,active,KECO_2025/JF_v12,2026-03-23,2026-03-23,
BKJ_0394,8231,단조원,설치·정비·생산직,금속·재료 설치·정비·생산직(판금·단조·주조·용접·도장 등),단조원 및 주조원,7403,JF_SVC_06,기능·숙련기술직,15,서비스·식음료,name_match,high,active,KECO_2025/JF_v12,2026-03-23,2026-03-23,
BKJ_0395,8232,단조기 조작원,설치·정비·생산직,금속·재료 설치·정비·생산직(판금·단조·주조·용접·도장 등),단조원 및 주조원,8412,JF_MFG_01,생산관리·공정엔지니어,13,생산·품질·안전,name_match,high,active,KECO_2025/JF_v12,2026-03-23,2026-03-23,
BKJ_0396,8233,주조원,설치·정비·생산직,금속·재료 설치·정비·생산직(판금·단조·주조·용접·도장 등),단조원 및 주조원,7402,JF_SVC_06,기능·숙련기술직,15,서비스·식음료,name_match,high,active,KECO_2025/JF_v12,2026-03-23,2026-03-23,
BKJ_0397,8234,주조기 조작원,설치·정비·생산직,금속·재료 설치·정비·생산직(판금·단조·주조·용접·도장 등),단조원 및 주조원,8411,JF_MFG_01,생산관리·공정엔지니어,13,생산·품질·안전,name_match,high,active,KECO_2025/JF_v12,2026-03-23,2026-03-23,
BKJ_0398,8241,용접원,설치·정비·생산직,금속·재료 설치·정비·생산직(판금·단조·주조·용접·도장 등),용접원 및 용접기 조작원,7406,JF_SVC_06,기능·숙련기술직,15,서비스·식음료,name_match,high,active,KECO_2025/JF_v12,2026-03-23,2026-03-23,
BKJ_0399,8242,용접기 조작원,설치·정비·생산직,금속·재료 설치·정비·생산직(판금·단조·주조·용접·도장 등),용접원 및 용접기 조작원,8413,JF_MFG_01,생산관리·공정엔지니어,13,생산·품질·안전,name_match,high,active,KECO_2025/JF_v12,2026-03-23,2026-03-23,
BKJ_0400,8251,도장기 조작원,설치·정비·생산직,금속·재료 설치·정비·생산직(판금·단조·주조·용접·도장 등),도장원 및 도금원,8421,JF_MFG_01,생산관리·공정엔지니어,13,생산·품질·안전,name_match,high,active,KECO_2025/JF_v12,2026-03-23,2026-03-23,
BKJ_0401,8252,도금 및 금속 분무기 조작원,설치·정비·생산직,금속·재료 설치·정비·생산직(판금·단조·주조·용접·도장 등),도장원 및 도금원,8422,JF_MFG_01,생산관리·공정엔지니어,13,생산·품질·안전,name_match,high,active,KECO_2025/JF_v12,2026-03-23,2026-03-23,
BKJ_0402,8261,유리 제조 및 가공기 조작원,설치·정비·생산직,금속·재료 설치·정비·생산직(판금·단조·주조·용접·도장 등),비금속제품 생산기계 조작원,8431,JF_MFG_01,생산관리·공정엔지니어,13,생산·품질·안전,name_match,high,active,KECO_2025/JF_v12,2026-03-23,2026-03-23,
BKJ_0403,8262,점토제품 생산기 조작원,설치·정비·생산직,금속·재료 설치·정비·생산직(판금·단조·주조·용접·도장 등),비금속제품 생산기계 조작원,8432,JF_MFG_01,생산관리·공정엔지니어,13,생산·품질·안전,name_match,high,active,KECO_2025/JF_v12,2026-03-23,2026-03-23,
BKJ_0404,8263,시멘트 및 광물제품 제조기 조작원,설치·정비·생산직,금속·재료 설치·정비·생산직(판금·단조·주조·용접·도장 등),비금속제품 생산기계 조작원,8433,JF_MFG_01,생산관리·공정엔지니어,13,생산·품질·안전,name_match,high,active,KECO_2025/JF_v12,2026-03-23,2026-03-23,
BKJ_0405,8264,광석 및 석제품 가공기 조작원,설치·정비·생산직,금속·재료 설치·정비·생산직(판금·단조·주조·용접·도장 등),비금속제품 생산기계 조작원,8434,JF_MFG_01,생산관리·공정엔지니어,13,생산·품질·안전,name_match,high,active,KECO_2025/JF_v12,2026-03-23,2026-03-23,
BKJ_0406,8269,기타 비금속제품 관련 생산기 조작원,설치·정비·생산직,금속·재료 설치·정비·생산직(판금·단조·주조·용접·도장 등),비금속제품 생산기계 조작원,8439,JF_MFG_01,생산관리·공정엔지니어,13,생산·품질·안전,name_match,high,active,KECO_2025/JF_v12,2026-03-23,2026-03-23,
BKJ_0407,8311,산업 전기공,설치·정비·생산직,전기·전자 설치·정비·생산직,전기공,7621,JF_MFG_05,전기·전자·반도체엔지니어,13,생산·품질·안전,name_match,high,active,KECO_2025/JF_v12,2026-03-23,2026-03-23,
BKJ_0408,8312,내선 전기공,설치·정비·생산직,전기·전자 설치·정비·생산직,전기공,7622,JF_MFG_05,전기·전자·반도체엔지니어,13,생산·품질·안전,name_match,high,active,KECO_2025/JF_v12,2026-03-23,2026-03-23,
BKJ_0409,8313,외선 전기공,설치·정비·생산직,전기·전자 설치·정비·생산직,전기공,7623,JF_MFG_05,전기·전자·반도체엔지니어,13,생산·품질·안전,name_match,high,active,KECO_2025/JF_v12,2026-03-23,2026-03-23,
BKJ_0410,8321,사무용 전자기기 설치 및 수리원,설치·정비·생산직,전기·전자 설치·정비·생산직,전기·전자 기기 설치·수리원,7611,JF_MFG_05,전기·전자·반도체엔지니어,13,생산·품질·안전,name_match,high,active,KECO_2025/JF_v12,2026-03-23,2026-03-23,
BKJ_0411,8322,가전제품 설치 및 수리원,설치·정비·생산직,전기·전자 설치·정비·생산직,전기·전자 기기 설치·수리원,7612,JF_MFG_05,전기·전자·반도체엔지니어,13,생산·품질·안전,name_match,high,active,KECO_2025/JF_v12,2026-03-23,2026-03-23,
BKJ_0412,8329,기타 전기·전자기기 설치 및 수리원,설치·정비·생산직,전기·전자 설치·정비·생산직,전기·전자 기기 설치·수리원,7619,JF_MFG_05,전기·전자·반도체엔지니어,13,생산·품질·안전,name_match,high,active,KECO_2025/JF_v12,2026-03-23,2026-03-23,
BKJ_0413,8330,발전 및 배전 장치 조작원,설치·정비·생산직,전기·전자 설치·정비·생산직,발전·배전 장치 조작원,8610,JF_MFG_01,생산관리·공정엔지니어,13,생산·품질·안전,name_match,high,active,KECO_2025/JF_v12,2026-03-23,2026-03-23,
BKJ_0414,8340,전기 및 전자설비 조작원,설치·정비·생산직,전기·전자 설치·정비·생산직,전기·전자 설비 조작원,8620,JF_MFG_01,생산관리·공정엔지니어,13,생산·품질·안전,name_match,high,active,KECO_2025/JF_v12,2026-03-23,2026-03-23,
BKJ_0415,8351,전기 부품 및 제품 제조 기계 조작원,설치·정비·생산직,전기·전자 설치·정비·생산직,전기·전자 부품·제품 생산기계 조작원,8632,JF_MFG_01,생산관리·공정엔지니어,13,생산·품질·안전,name_match,high,active,KECO_2025/JF_v12,2026-03-23,2026-03-23,
BKJ_0416,8352,일차전지 및 이차전지 제조 기계 조작원,설치·정비·생산직,전기·전자 설치·정비·생산직,전기·전자 부품·제품 생산기계 조작원,,JF_MFG_04,설비·유지보수·기계정비,13,생산·품질·안전,manual_confirmed,high,active,KECO_2025/JF_v12,2026-03-23,2026-03-24,
BKJ_0417,8353,전자 부품 및 제품 제조 기계 조작원,설치·정비·생산직,전기·전자 설치·정비·생산직,전기·전자 부품·제품 생산기계 조작원,8633,JF_MFG_01,생산관리·공정엔지니어,13,생산·품질·안전,name_match,high,active,KECO_2025/JF_v12,2026-03-23,2026-03-23,
BKJ_0418,8360,전기·전자 부품 및 제품 조립원,설치·정비·생산직,전기·전자 설치·정비·생산직,전기·전자 부품·제품 조립원,8640,JF_MFG_01,생산관리·공정엔지니어,13,생산·품질·안전,name_match,high,active,KECO_2025/JF_v12,2026-03-23,2026-03-23,
BKJ_0419,8411,컴퓨터 설치 및 수리원,설치·정비·생산직,정보통신 설치·정비직,정보통신기기 설치·수리원,7711,JF_SVC_06,기능·숙련기술직,15,서비스·식음료,name_match,high,active,KECO_2025/JF_v12,2026-03-23,2026-03-23,
BKJ_0420,8412,이동전화기 수리원,설치·정비·생산직,정보통신 설치·정비직,정보통신기기 설치·수리원,7712,JF_SVC_06,기능·숙련기술직,15,서비스·식음료,name_match,high,active,KECO_2025/JF_v12,2026-03-23,2026-03-23,
BKJ_0421,8419,기타 정보 통신기기 설치 및 수리원,설치·정비·생산직,정보통신 설치·정비직,정보통신기기 설치·수리원,7719,JF_SVC_06,기능·숙련기술직,15,서비스·식음료,name_match,high,active,KECO_2025/JF_v12,2026-03-23,2026-03-23,
BKJ_0422,8421,방송 관련 장비 설치 및 수리원,설치·정비·생산직,정보통신 설치·정비직,방송·통신장비 설치·수리원,7721,JF_SVC_06,기능·숙련기술직,15,서비스·식음료,name_match,high,active,KECO_2025/JF_v12,2026-03-23,2026-03-23,
BKJ_0423,8422,통신 관련 장비 설치 및 수리원,설치·정비·생산직,정보통신 설치·정비직,방송·통신장비 설치·수리원,7722,JF_SVC_06,기능·숙련기술직,15,서비스·식음료,name_match,high,active,KECO_2025/JF_v12,2026-03-23,2026-03-23,
BKJ_0424,8423,방송·통신·인터넷 케이블 설치 및 수리원,설치·정비·생산직,정보통신 설치·정비직,방송·통신장비 설치·수리원,,JF_SVC_06,기능·숙련기술직,15,서비스·식음료,manual_confirmed,high,active,KECO_2025/JF_v12,2026-03-23,2026-03-24,
BKJ_0425,8511,석유 및 천연가스 제조 관련 제어 장치 조작원,설치·정비·생산직,화학·환경 설치·정비·생산직,석유·화학물 가공장치 조작원,8311,JF_MFG_01,생산관리·공정엔지니어,13,생산·품질·안전,name_match,high,active,KECO_2025/JF_v12,2026-03-23,2026-03-23,
BKJ_0426,8512,화학물 가공 장치 조작원,설치·정비·생산직,화학·환경 설치·정비·생산직,석유·화학물 가공장치 조작원,8312,JF_MFG_01,생산관리·공정엔지니어,13,생산·품질·안전,name_match,high,active,KECO_2025/JF_v12,2026-03-23,2026-03-23,
BKJ_0427,8519,기타 석유 및 화학물 가공 장치 조작원,설치·정비·생산직,화학·환경 설치·정비·생산직,석유·화학물 가공장치 조작원,8319,JF_MFG_01,생산관리·공정엔지니어,13,생산·품질·안전,name_match,high,active,KECO_2025/JF_v12,2026-03-23,2026-03-23,
BKJ_0428,8521,타이어 및 고무제품 생산기 조작원,설치·정비·생산직,화학·환경 설치·정비·생산직,고무·플라스틱 및 화학제품 생산기계 조작원 및 조립원,8322,JF_MFG_01,생산관리·공정엔지니어,13,생산·품질·안전,name_match,high,active,KECO_2025/JF_v12,2026-03-23,2026-03-23,
BKJ_0429,8522,플라스틱제품 생산기 조작원,설치·정비·생산직,화학·환경 설치·정비·생산직,고무·플라스틱 및 화학제품 생산기계 조작원 및 조립원,8323,JF_MFG_01,생산관리·공정엔지니어,13,생산·품질·안전,name_match,high,active,KECO_2025/JF_v12,2026-03-23,2026-03-23,
BKJ_0430,8523,화학제품 생산기 조작원,설치·정비·생산직,화학·환경 설치·정비·생산직,고무·플라스틱 및 화학제품 생산기계 조작원 및 조립원,8321,JF_MFG_01,생산관리·공정엔지니어,13,생산·품질·안전,name_match,high,active,KECO_2025/JF_v12,2026-03-23,2026-03-23,
BKJ_0431,8524,고무 및 플라스틱제품 조립원,설치·정비·생산직,화학·환경 설치·정비·생산직,고무·플라스틱 및 화학제품 생산기계 조작원 및 조립원,8324,JF_MFG_01,생산관리·공정엔지니어,13,생산·품질·안전,name_match,high,active,KECO_2025/JF_v12,2026-03-23,2026-03-23,
BKJ_0432,8531,상하수도 처리 장치 조작원,설치·정비·생산직,화학·환경 설치·정비·생산직,환경관련 장치 조작원,8810,JF_MFG_01,생산관리·공정엔지니어,13,생산·품질·안전,name_match,high,active,KECO_2025/JF_v12,2026-03-23,2026-03-23,
BKJ_0433,8532,재활용 처리 및 소각로 조작원,설치·정비·생산직,화학·환경 설치·정비·생산직,환경관련 장치 조작원,8820,JF_MFG_01,생산관리·공정엔지니어,13,생산·품질·안전,name_match,high,active,KECO_2025/JF_v12,2026-03-23,2026-03-23,
BKJ_0434,8611,섬유 제조 기계 조작원,설치·정비·생산직,섬유·의복 생산직,섬유 제조·가공 기계 조작원,8211,JF_MFG_01,생산관리·공정엔지니어,13,생산·품질·안전,name_match,high,active,KECO_2025/JF_v12,2026-03-23,2026-03-23,
BKJ_0435,8612,직조기 및 편직기 조작원,설치·정비·생산직,섬유·의복 생산직,섬유 제조·가공 기계 조작원,8221,JF_MFG_01,생산관리·공정엔지니어,13,생산·품질·안전,name_match,high,active,KECO_2025/JF_v12,2026-03-23,2026-03-23,
BKJ_0436,8613,표백 및 염색 관련 기계 조작원,설치·정비·생산직,섬유·의복 생산직,섬유 제조·가공 기계 조작원,8212,JF_MFG_01,생산관리·공정엔지니어,13,생산·품질·안전,name_match,high,active,KECO_2025/JF_v12,2026-03-23,2026-03-23,
BKJ_0437,8621,패턴사,설치·정비·생산직,섬유·의복 생산직,"패턴사, 재단사 및 재봉사",7211,JF_SVC_06,기능·숙련기술직,15,서비스·식음료,name_match,high,active,KECO_2025/JF_v12,2026-03-23,2026-03-23,
BKJ_0438,8622,재단사,설치·정비·생산직,섬유·의복 생산직,"패턴사, 재단사 및 재봉사",7212,JF_SVC_06,기능·숙련기술직,15,서비스·식음료,name_match,high,active,KECO_2025/JF_v12,2026-03-23,2026-03-23,
BKJ_0439,8623,재봉사,설치·정비·생산직,섬유·의복 생산직,"패턴사, 재단사 및 재봉사",7213,JF_SVC_06,기능·숙련기술직,15,서비스·식음료,name_match,high,active,KECO_2025/JF_v12,2026-03-23,2026-03-23,
BKJ_0440,8629,기타 섬유 및 가죽 관련 기능 종사원,설치·정비·생산직,섬유·의복 생산직,"패턴사, 재단사 및 재봉사",7219,JF_SVC_06,기능·숙련기술직,15,서비스·식음료,name_match,high,active,KECO_2025/JF_v12,2026-03-23,2026-03-23,
BKJ_0441,8631,한복 제조원,설치·정비·생산직,섬유·의복 생산직,의복 제조원 및 수선원,7221,JF_SVC_06,기능·숙련기술직,15,서비스·식음료,name_match,high,active,KECO_2025/JF_v12,2026-03-23,2026-03-23,
BKJ_0442,8632,양장 및 양복 제조원,설치·정비·생산직,섬유·의복 생산직,의복 제조원 및 수선원,7222,JF_SVC_06,기능·숙련기술직,15,서비스·식음료,name_match,high,active,KECO_2025/JF_v12,2026-03-23,2026-03-23,
BKJ_0443,8633,모피 및 가죽 의복 제조원,설치·정비·생산직,섬유·의복 생산직,의복 제조원 및 수선원,7223,JF_SVC_06,기능·숙련기술직,15,서비스·식음료,name_match,high,active,KECO_2025/JF_v12,2026-03-23,2026-03-23,
BKJ_0444,8634,의복·가죽 및 모피 수선원,설치·정비·생산직,섬유·의복 생산직,의복 제조원 및 수선원,7224,JF_SVC_06,기능·숙련기술직,15,서비스·식음료,name_match,high,active,KECO_2025/JF_v12,2026-03-23,2026-03-23,
BKJ_0445,8639,기타 의복 제조 관련 기능 종사원,설치·정비·생산직,섬유·의복 생산직,의복 제조원 및 수선원,7229,JF_SVC_06,기능·숙련기술직,15,서비스·식음료,name_match,high,active,KECO_2025/JF_v12,2026-03-23,2026-03-23,
BKJ_0446,8641,제화원,설치·정비·생산직,섬유·의복 생산직,"제화원, 기타 섬유·의복 기계 조작원 및 조립원",7214,JF_SVC_06,기능·숙련기술직,15,서비스·식음료,name_match,high,active,KECO_2025/JF_v12,2026-03-23,2026-03-23,
BKJ_0447,8642,신발 제조기 조작원,설치·정비·생산직,섬유·의복 생산직,"제화원, 기타 섬유·의복 기계 조작원 및 조립원",8222,JF_MFG_01,생산관리·공정엔지니어,13,생산·품질·안전,name_match,high,active,KECO_2025/JF_v12,2026-03-23,2026-03-23,
BKJ_0448,8643,세탁 기계 조작원,설치·정비·생산직,섬유·의복 생산직,"제화원, 기타 섬유·의복 기계 조작원 및 조립원",8230,JF_MFG_01,생산관리·공정엔지니어,13,생산·품질·안전,name_match,high,active,KECO_2025/JF_v12,2026-03-23,2026-03-23,
BKJ_0449,8649,기타 직물·신발 관련 기계 조작원,설치·정비·생산직,섬유·의복 생산직,"제화원, 기타 섬유·의복 기계 조작원 및 조립원",8229,JF_MFG_01,생산관리·공정엔지니어,13,생산·품질·안전,name_match,high,active,KECO_2025/JF_v12,2026-03-23,2026-03-23,
BKJ_0450,8711,제과원 및 제빵사,설치·정비·생산직,식품 가공·생산직,제과·제빵원 및 떡 제조원,,JF_SVC_02,식·음료·F&B,15,서비스·식음료,manual_confirmed,high,active,KECO_2025/JF_v12,2026-03-23,2026-03-24,
BKJ_0451,8712,떡 제조원,설치·정비·생산직,식품 가공·생산직,제과·제빵원 및 떡 제조원,7102,JF_SVC_03,뷰티·미용·웰니스,15,서비스·식음료,name_match,high,active,KECO_2025/JF_v12,2026-03-23,2026-03-23,
BKJ_0452,8721,정육 가공원 및 도축원,설치·정비·생산직,식품 가공·생산직,식품 가공 기능원,7103,JF_SVC_03,뷰티·미용·웰니스,15,서비스·식음료,name_match,high,active,KECO_2025/JF_v12,2026-03-23,2026-03-23,
BKJ_0453,8722,김치 및 밑반찬 제조 종사원,설치·정비·생산직,식품 가공·생산직,식품 가공 기능원,7105,JF_SVC_03,뷰티·미용·웰니스,15,서비스·식음료,name_match,high,active,KECO_2025/JF_v12,2026-03-23,2026-03-23,
BKJ_0454,8723,도시락 제조원,설치·정비·생산직,식품 가공·생산직,식품 가공 기능원,7106,JF_SVC_03,뷰티·미용·웰니스,15,서비스·식음료,name_match,high,active,KECO_2025/JF_v12,2026-03-23,2026-03-23,
BKJ_0455,8724,식품 및 담배 등급원,설치·정비·생산직,식품 가공·생산직,식품 가공 기능원,7104,JF_SVC_03,뷰티·미용·웰니스,15,서비스·식음료,name_match,high,active,KECO_2025/JF_v12,2026-03-23,2026-03-23,
BKJ_0456,8729,기타 식품 가공 관련 기능 종사원,설치·정비·생산직,식품 가공·생산직,식품 가공 기능원,7109,JF_SVC_03,뷰티·미용·웰니스,15,서비스·식음료,name_match,high,active,KECO_2025/JF_v12,2026-03-23,2026-03-23,
BKJ_0457,8731,육류·어패류 및 낙농품 가공 기계 조작원,설치·정비·생산직,식품 가공·생산직,식품 가공 기계 조작원,8113,JF_MFG_01,생산관리·공정엔지니어,13,생산·품질·안전,name_match,high,active,KECO_2025/JF_v12,2026-03-23,2026-03-23,
BKJ_0458,8732,제분 및 도정 관련 기계 조작원,설치·정비·생산직,식품 가공·생산직,식품 가공 기계 조작원,8111,JF_MFG_01,생산관리·공정엔지니어,13,생산·품질·안전,name_match,high,active,KECO_2025/JF_v12,2026-03-23,2026-03-23,
BKJ_0459,8733,곡물가공 제품 기계 조작원,설치·정비·생산직,식품 가공·생산직,식품 가공 기계 조작원,8112,JF_MFG_01,생산관리·공정엔지니어,13,생산·품질·안전,name_match,high,active,KECO_2025/JF_v12,2026-03-23,2026-03-23,
BKJ_0460,8734,과실 및 채소가공 관련 기계 조작원,설치·정비·생산직,식품 가공·생산직,식품 가공 기계 조작원,8114,JF_MFG_01,생산관리·공정엔지니어,13,생산·품질·안전,name_match,high,active,KECO_2025/JF_v12,2026-03-23,2026-03-23,
BKJ_0461,8735,음료 제조 관련 기계 조작원,설치·정비·생산직,식품 가공·생산직,식품 가공 기계 조작원,8120,JF_MFG_01,생산관리·공정엔지니어,13,생산·품질·안전,name_match,high,active,KECO_2025/JF_v12,2026-03-23,2026-03-23,
BKJ_0462,8739,기타 식품가공 관련 기계 조작원,설치·정비·생산직,식품 가공·생산직,식품 가공 기계 조작원,8190,JF_MFG_01,생산관리·공정엔지니어,13,생산·품질·안전,name_match,high,active,KECO_2025/JF_v12,2026-03-23,2026-03-23,
BKJ_0463,8811,인쇄 관련 기계 조작원,설치·정비·생산직,인쇄·목재·공예 및 기타 설치·정비·생산직,인쇄기계·사진현상기 조작원,8921,JF_MFG_01,생산관리·공정엔지니어,13,생산·품질·안전,name_match,high,active,KECO_2025/JF_v12,2026-03-23,2026-03-23,
BKJ_0464,8812,사진 인화 및 현상기 조작원,설치·정비·생산직,인쇄·목재·공예 및 기타 설치·정비·생산직,인쇄기계·사진현상기 조작원,8922,JF_MFG_01,생산관리·공정엔지니어,13,생산·품질·안전,name_match,high,active,KECO_2025/JF_v12,2026-03-23,2026-03-23,
BKJ_0465,8821,목재 가공 관련 기계 조작원,설치·정비·생산직,인쇄·목재·공예 및 기타 설치·정비·생산직,목재·펄프·종이 생산기계 조작원,8911,JF_MFG_01,생산관리·공정엔지니어,13,생산·품질·안전,name_match,high,active,KECO_2025/JF_v12,2026-03-23,2026-03-23,
BKJ_0466,8822,펄프 및 종이 제조 장치 조작원,설치·정비·생산직,인쇄·목재·공예 및 기타 설치·정비·생산직,목재·펄프·종이 생산기계 조작원,8912,JF_MFG_01,생산관리·공정엔지니어,13,생산·품질·안전,name_match,high,active,KECO_2025/JF_v12,2026-03-23,2026-03-23,
BKJ_0467,8823,종이제품 생산기 조작원,설치·정비·생산직,인쇄·목재·공예 및 기타 설치·정비·생산직,목재·펄프·종이 생산기계 조작원,8913,JF_MFG_01,생산관리·공정엔지니어,13,생산·품질·안전,name_match,high,active,KECO_2025/JF_v12,2026-03-23,2026-03-23,
BKJ_0468,8829,기타 목재 및 종이 관련 기계 조작원,설치·정비·생산직,인쇄·목재·공예 및 기타 설치·정비·생산직,목재·펄프·종이 생산기계 조작원,8919,JF_MFG_01,생산관리·공정엔지니어,13,생산·품질·안전,name_match,high,active,KECO_2025/JF_v12,2026-03-23,2026-03-23,
BKJ_0469,8831,가구 제조 및 수리원,설치·정비·생산직,인쇄·목재·공예 및 기타 설치·정비·생산직,가구·목제품 제조·수리원,7302,JF_SVC_06,기능·숙련기술직,15,서비스·식음료,name_match,high,active,KECO_2025/JF_v12,2026-03-23,2026-03-23,
BKJ_0470,8832,가구 조립원,설치·정비·생산직,인쇄·목재·공예 및 기타 설치·정비·생산직,가구·목제품 제조·수리원,9301,JF_SVC_06,기능·숙련기술직,15,서비스·식음료,name_match,high,active,KECO_2025/JF_v12,2026-03-23,2026-03-23,
BKJ_0471,8833,목제품 제조 관련 종사원,설치·정비·생산직,인쇄·목재·공예 및 기타 설치·정비·생산직,가구·목제품 제조·수리원,7301,JF_SVC_06,기능·숙련기술직,15,서비스·식음료,name_match,high,active,KECO_2025/JF_v12,2026-03-23,2026-03-23,
BKJ_0472,8841,공예원,설치·정비·생산직,인쇄·목재·공예 및 기타 설치·정비·생산직,공예원 및 귀금속세공원,7911,JF_SVC_06,기능·숙련기술직,15,서비스·식음료,name_match,high,active,KECO_2025/JF_v12,2026-03-23,2026-03-23,
BKJ_0473,8842,귀금속 및 보석 세공원,설치·정비·생산직,인쇄·목재·공예 및 기타 설치·정비·생산직,공예원 및 귀금속세공원,7912,JF_SVC_06,기능·숙련기술직,15,서비스·식음료,name_match,high,active,KECO_2025/JF_v12,2026-03-23,2026-03-23,
BKJ_0474,8851,악기 제조 및 조율사,설치·정비·생산직,인쇄·목재·공예 및 기타 설치·정비·생산직,악기·간판 및 기타 제조 종사자,7303,JF_SVC_06,기능·숙련기술직,15,서비스·식음료,name_match,high,active,KECO_2025/JF_v12,2026-03-23,2026-03-23,
BKJ_0475,8852,간판 제작 및 설치원,설치·정비·생산직,인쇄·목재·공예 및 기타 설치·정비·생산직,악기·간판 및 기타 제조 종사자,7304,JF_SVC_06,기능·숙련기술직,15,서비스·식음료,name_match,high,active,KECO_2025/JF_v12,2026-03-23,2026-03-23,
BKJ_0476,8853,기타 기능 관련 종사원,설치·정비·생산직,인쇄·목재·공예 및 기타 설치·정비·생산직,악기·간판 및 기타 제조 종사자,7999,JF_SVC_06,기능·숙련기술직,15,서비스·식음료,name_match,high,active,KECO_2025/JF_v12,2026-03-23,2026-03-23,
BKJ_0477,8859,기타 기계 조작원,설치·정비·생산직,인쇄·목재·공예 및 기타 설치·정비·생산직,악기·간판 및 기타 제조 종사자,8990,JF_MFG_01,생산관리·공정엔지니어,13,생산·품질·안전,name_match,high,active,KECO_2025/JF_v12,2026-03-23,2026-03-23,
BKJ_0478,8900,기타 제조 관련 단순 종사원,설치·정비·생산직,제조 단순직,제조 단순 종사자,9309,JF_SVC_06,기능·숙련기술직,15,서비스·식음료,name_match,high,active,KECO_2025/JF_v12,2026-03-23,2026-03-23,
BKJ_0479,9011,곡식작물 재배원,농림어업직,농림어업직,작물재배 종사자,6111,JF_AGR_01,작물재배·스마트팜,23,농림수산,name_match,high,active,KECO_2025/JF_v12,2026-03-23,2026-03-23,
BKJ_0480,9012,채소 및 특용작물 재배원,농림어업직,농림어업직,작물재배 종사자,6112,JF_AGR_01,작물재배·스마트팜,23,농림수산,name_match,high,active,KECO_2025/JF_v12,2026-03-23,2026-03-23,
BKJ_0481,9013,과수작물 재배원,농림어업직,농림어업직,작물재배 종사자,6113,JF_AGR_01,작물재배·스마트팜,23,농림수산,name_match,high,active,KECO_2025/JF_v12,2026-03-23,2026-03-23,
BKJ_0482,9014,원예작물 재배원,농림어업직,농림어업직,작물재배 종사자,6121,JF_AGR_01,작물재배·스마트팜,23,농림수산,name_match,high,active,KECO_2025/JF_v12,2026-03-23,2026-03-23,
BKJ_0483,9015,조경원,농림어업직,농림어업직,작물재배 종사자,6122,JF_AGR_01,작물재배·스마트팜,23,농림수산,name_match,high,active,KECO_2025/JF_v12,2026-03-23,2026-03-23,
BKJ_0484,9021,낙농 관련 종사원,농림어업직,농림어업직,낙농·사육 종사자,6131,JF_AGR_02,축산·낙농,23,농림수산,name_match,high,active,KECO_2025/JF_v12,2026-03-23,2026-03-23,
BKJ_0485,9022,한우 및 육우 사육원,농림어업직,농림어업직,낙농·사육 종사자,6132,JF_AGR_02,축산·낙농,23,농림수산,name_match,high,active,KECO_2025/JF_v12,2026-03-23,2026-03-23,
BKJ_0486,9023,돼지 사육원,농림어업직,농림어업직,낙농·사육 종사자,6133,JF_AGR_02,축산·낙농,23,농림수산,name_match,high,active,KECO_2025/JF_v12,2026-03-23,2026-03-23,
BKJ_0487,9024,가금 사육원,농림어업직,농림어업직,낙농·사육 종사자,6134,JF_AGR_02,축산·낙농,23,농림수산,name_match,high,active,KECO_2025/JF_v12,2026-03-23,2026-03-23,
BKJ_0488,9029,기타 축산 및 사육 관련 종사원,농림어업직,농림어업직,낙농·사육 종사자,6139,JF_AGR_02,축산·낙농,23,농림수산,name_match,high,active,KECO_2025/JF_v12,2026-03-23,2026-03-23,
BKJ_0489,9031,조림·산림 경영인 및 벌목원,농림어업직,농림어업직,임업 종사자,6201,JF_AGR_04,임업·산림,23,농림수산,name_match,high,active,KECO_2025/JF_v12,2026-03-23,2026-03-23,
BKJ_0490,9039,기타 임업 관련 종사원,농림어업직,농림어업직,임업 종사자,6209,JF_AGR_04,임업·산림,23,농림수산,name_match,high,active,KECO_2025/JF_v12,2026-03-23,2026-03-23,
BKJ_0491,9041,양식원,농림어업직,농림어업직,어업 종사자,6301,JF_AGR_03,어업·양식,23,농림수산,name_match,high,active,KECO_2025/JF_v12,2026-03-23,2026-03-23,
BKJ_0492,9042,어부 및 해녀,농림어업직,농림어업직,어업 종사자,6302,JF_AGR_03,어업·양식,23,농림수산,name_match,high,active,KECO_2025/JF_v12,2026-03-23,2026-03-23,
BKJ_0493,9051,농업 관련 단순 종사원,농림어업직,농림어업직,농림어업 단순 종사자,9911,JF_SVC_06,기능·숙련기술직,15,서비스·식음료,name_match,high,active,KECO_2025/JF_v12,2026-03-23,2026-03-23,
BKJ_0494,9052,임업 관련 단순 종사원,농림어업직,농림어업직,농림어업 단순 종사자,9912,JF_SVC_06,기능·숙련기술직,15,서비스·식음료,name_match,high,active,KECO_2025/JF_v12,2026-03-23,2026-03-23,
BKJ_0495,9053,어업 관련 단순 종사원,농림어업직,농림어업직,농림어업 단순 종사자,9913,JF_SVC_06,기능·숙련기술직,15,서비스·식음료,name_match,high,active,KECO_2025/JF_v12,2026-03-23,2026-03-23,
