ksco_code,job_name,major_category,middle_category,small_category,old_jf_code,mapping_method,review_status,review_note,new_jf_code_v12
1111,의회 의원,관리자,의회‧정부 및 기업 고위직,의회 의원‧고위 공무원 및 공공단체 임원,JF_BIZ_01,manual_fix,confirmed,,JF_PUB_01
1112,고위 공무원 및 정당‧특수 단체 임원,관리자,의회‧정부 및 기업 고위직,의회 의원‧고위 공무원 및 공공단체 임원,JF_BIZ_01,manual_fix,confirmed,,JF_PUB_01
1120,기업 대표 및 기업 고위 임원,관리자,의회‧정부 및 기업 고위직,기업 대표 및 기업 고위 임원,JF_BIZ_01,manual_fix,confirmed,,JF_STR_05
1211,정부 행정 관리자,관리자,행정‧경영 지원 및 마케팅 관리직,행정 및 경영 지원 관리자,JF_MKT_01,manual_fix,confirmed,,JF_PUB_01
1212,경영 지원 관리자,관리자,행정‧경영 지원 및 마케팅 관리직,행정 및 경영 지원 관리자,JF_MKT_01,manual_fix,confirmed,,JF_STR_05
1220,마케팅 및 광고‧홍보 관리자,관리자,행정‧경영 지원 및 마케팅 관리직,마케팅 및 광고‧홍보 관리자,JF_MKT_01,manual_fix,confirmed,,JF_MKT_01
1311,연구 관리자,관리자,전문 서비스 관리직,연구‧교육 및 법률 관련 관리자,JF_EDU_01,unchanged,confirmed,,JF_RND_01
1312,교육 관리자,관리자,전문 서비스 관리직,연구‧교육 및 법률 관련 관리자,JF_EDU_01,unchanged,confirmed,,JF_EDU_01
1313,법률‧경찰‧소방 및 교도 관리자,관리자,전문 서비스 관리직,연구‧교육 및 법률 관련 관리자,JF_EDU_01,unchanged,confirmed,,JF_PUB_04
1320,보험 및 금융 관리자,관리자,전문 서비스 관리직,보험 및 금융 관리자,JF_FIN_01,unchanged,confirmed,,JF_FIN_01
1331,보건 의료 관련 관리자,관리자,전문 서비스 관리직,보건 및 사회복지 관련 관리자,JF_EDU_02,manual_fix,confirmed,,JF_PUB_05
1332,사회복지 관련 관리자,관리자,전문 서비스 관리직,보건 및 사회복지 관련 관리자,JF_EDU_02,unchanged,confirmed,,JF_SOC_01
1340,문화‧예술 관련 관리자,관리자,전문 서비스 관리직,문화‧예술 관련 관리자,JF_SVC_02,unchanged,confirmed,,JF_SVC_02
1350,정보 통신 관련 관리자,관리자,전문 서비스 관리직,정보 통신 관련 관리자,JF_BIZ_01,manual_fix,confirmed,,JF_AI_08
1390,기타 전문 서비스 관리자,관리자,전문 서비스 관리직,기타 전문 서비스 관리자,JF_BIZ_01,manual_fix,confirmed,,JF_STR_02
1411,건설 및 광업 관련 관리자,관리자,건설‧전기 및 생산 관련 관리직,건설‧전기 및 생산 관련 관리자,JF_MFG_05,unchanged,confirmed,,JF_MFG_05
1412,전기‧가스 및 수도 관련 관리자,관리자,건설‧전기 및 생산 관련 관리직,건설‧전기 및 생산 관련 관리자,JF_MFG_05,unchanged,confirmed,,JF_MFG_05
1413,제품 생산 관련 관리자,관리자,건설‧전기 및 생산 관련 관리직,건설‧전기 및 생산 관련 관리자,JF_MFG_05,unchanged,confirmed,,JF_MFG_05
1490,기타 건설‧전기 및 생산 관련 관리자,관리자,건설‧전기 및 생산 관련 관리직,기타 건설‧전기 및 생산 관련 관리자,JF_MFG_05,unchanged,confirmed,,JF_MFG_05
1511,영업 및 판매 관련 관리자,관리자,판매 및 고객 서비스 관리직,판매 및 운송 관리자,JF_SALES_01,manual_fix,confirmed,,JF_SAL_01
1512,운송 관련 관리자,관리자,판매 및 고객 서비스 관리직,판매 및 운송 관리자,JF_SALES_01,manual_fix,confirmed,,JF_OPS_06
1521,숙박‧여행‧오락 및 스포츠 관련 관리자,관리자,판매 및 고객 서비스 관리직,고객 서비스 관리자,JF_SALES_01,manual_fix,confirmed,,JF_SVC_01
1522,음식 서비스 관련 관리자,관리자,판매 및 고객 서비스 관리직,고객 서비스 관리자,JF_SALES_01,manual_fix,confirmed,,JF_SVC_02
1530,환경‧청소 및 경비 관련 관리자,관리자,판매 및 고객 서비스 관리직,환경‧청소 및 경비 관련 관리자,JF_SALES_01,manual_fix,confirmed,,JF_SVC_07
1590,기타 판매 및 고객 서비스 관리자,관리자,판매 및 고객 서비스 관리직,기타 판매 및 고객 서비스 관리자,JF_SALES_01,manual_fix,confirmed,,JF_SAL_06
2111,생명과학 연구원,"전문가 및 관련
종사자",과학 전문가 및 관련직,생명 및 자연과학 관련 전문가,JF_RND_01,unchanged,confirmed,,JF_RND_01
2112,자연과학 연구원,"전문가 및 관련
종사자",과학 전문가 및 관련직,생명 및 자연과학 관련 전문가,JF_RND_01,unchanged,confirmed,,JF_RND_01
2121,인문과학 연구원,"전문가 및 관련
종사자",과학 전문가 및 관련직,인문 및 사회과학 전문가,JF_BIZ_02,manual_fix,confirmed,,JF_RND_01
2122,사회과학 연구원,"전문가 및 관련
종사자",과학 전문가 및 관련직,인문 및 사회과학 전문가,JF_BIZ_02,manual_fix,confirmed,,JF_STR_02
2131,생명과학 시험원,"전문가 및 관련
종사자",과학 전문가 및 관련직,생명 및 자연과학 관련 시험원,JF_RND_01,unchanged,confirmed,,JF_RND_01
2132,농림어업 관련 시험원,"전문가 및 관련
종사자",과학 전문가 및 관련직,생명 및 자연과학 관련 시험원,JF_RND_01,unchanged,confirmed,,JF_RND_01
2133,자연과학 시험원,"전문가 및 관련
종사자",과학 전문가 및 관련직,생명 및 자연과학 관련 시험원,JF_RND_01,unchanged,confirmed,,JF_RND_01
2211,컴퓨터 하드웨어 기술자 및 연구원,"전문가 및 관련
종사자",정보 통신 전문가 및 기술직,컴퓨터 하드웨어 및 통신공학 전문가,JF_DATA_03,manual_fix,confirmed,,JF_DEV_06
2212,통신공학 기술자 및 연구원,"전문가 및 관련
종사자",정보 통신 전문가 및 기술직,컴퓨터 하드웨어 및 통신공학 전문가,JF_DATA_03,manual_fix,confirmed,,JF_MFG_08
2221,컴퓨터 시스템 전문가,"전문가 및 관련
종사자",정보 통신 전문가 및 기술직,컴퓨터 시스템 및 소프트웨어 전문가,JF_DATA_03,manual_fix,confirmed,,JF_AI_08
2222,시스템 소프트웨어 개발자,"전문가 및 관련
종사자",정보 통신 전문가 및 기술직,컴퓨터 시스템 및 소프트웨어 전문가,JF_DATA_03,manual_fix,confirmed,,JF_DEV_01
2223,응용 소프트웨어 개발자,"전문가 및 관련
종사자",정보 통신 전문가 및 기술직,컴퓨터 시스템 및 소프트웨어 전문가,JF_DATA_03,manual_fix,confirmed,,JF_DEV_03
2224,웹 개발자,"전문가 및 관련
종사자",정보 통신 전문가 및 기술직,컴퓨터 시스템 및 소프트웨어 전문가,JF_DATA_03,manual_fix,confirmed,,JF_DEV_02
2229,기타 컴퓨터 시스템 및 소프트웨어 전문가,"전문가 및 관련
종사자",정보 통신 전문가 및 기술직,컴퓨터 시스템 및 소프트웨어 전문가,JF_DATA_03,manual_fix,confirmed,,JF_DEV_03
2231,네트워크 시스템 개발자,"전문가 및 관련
종사자",정보 통신 전문가 및 기술직,네트워크 및 정보 보안 전문가,JF_DATA_03,manual_fix,confirmed,,JF_AI_08
2232,정보 보안 전문가,"전문가 및 관련
종사자",정보 통신 전문가 및 기술직,네트워크 및 정보 보안 전문가,JF_DATA_06,manual_fix,confirmed,,JF_AI_09
2239,기타 네트워크 및 정보 보안 전문가,"전문가 및 관련
종사자",정보 통신 전문가 및 기술직,네트워크 및 정보 보안 전문가,JF_DATA_06,manual_fix,confirmed,,JF_AI_09
2241,데이터 시스템 전문가,"전문가 및 관련
종사자",정보 통신 전문가 및 기술직,데이터 전문가,JF_DATA_01,manual_fix,confirmed,,JF_AI_03
2242,데이터 분석가,"전문가 및 관련
종사자",정보 통신 전문가 및 기술직,데이터 전문가,JF_DATA_01,manual_fix,confirmed,,JF_AI_04
2251,정보 시스템 운영자,"전문가 및 관련
종사자",정보 통신 전문가 및 기술직,정보 시스템 및 웹 운영자,JF_DATA_03,manual_fix,confirmed,,JF_AI_08
2252,웹 운영자,"전문가 및 관련
종사자",정보 통신 전문가 및 기술직,정보 시스템 및 웹 운영자,JF_DATA_03,manual_fix,confirmed,,JF_AI_08
2260,통신 및 방송 송출 장비 기사,"전문가 및 관련
종사자",정보 통신 전문가 및 기술직,통신 및 방송 송출 장비 기사,JF_DES_03,unchanged,confirmed,,JF_DES_03
2311,건축가,"전문가 및 관련
종사자",공학 전문가 및 기술직,건축‧토목 공학 기술자 및 시험원,JF_MFG_05,unchanged,confirmed,,JF_MFG_05
2312,건축공학 기술자,"전문가 및 관련
종사자",공학 전문가 및 기술직,건축‧토목 공학 기술자 및 시험원,JF_MFG_05,unchanged,confirmed,,JF_MFG_05
2313,토목공학 기술자,"전문가 및 관련
종사자",공학 전문가 및 기술직,건축‧토목 공학 기술자 및 시험원,JF_MFG_05,unchanged,confirmed,,JF_MFG_05
2314,조경 기술자,"전문가 및 관련
종사자",공학 전문가 및 기술직,건축‧토목 공학 기술자 및 시험원,JF_MFG_05,unchanged,confirmed,,JF_MFG_05
2315,도시 및 교통 관련 전문가,"전문가 및 관련
종사자",공학 전문가 및 기술직,건축‧토목 공학 기술자 및 시험원,JF_MFG_05,unchanged,confirmed,,JF_MFG_05
2316,측량 및 공간정보 전문가,"전문가 및 관련
종사자",공학 전문가 및 기술직,건축‧토목 공학 기술자 및 시험원,JF_MFG_05,unchanged,confirmed,,JF_MFG_05
2317,건설자재 시험원,"전문가 및 관련
종사자",공학 전문가 및 기술직,건축‧토목 공학 기술자 및 시험원,JF_MFG_05,unchanged,confirmed,,JF_MFG_05
2321,화학공학 기술자 및 연구원,"전문가 및 관련
종사자",공학 전문가 및 기술직,화학공학 기술자 및 시험원,JF_RND_03,unchanged,confirmed,,JF_RND_03
2322,화학공학 시험원,"전문가 및 관련
종사자",공학 전문가 및 기술직,화학공학 기술자 및 시험원,JF_RND_03,unchanged,confirmed,,JF_RND_03
2331,금속‧재료공학 연구원 및 기술자,"전문가 및 관련
종사자",공학 전문가 및 기술직,금속‧재료공학 기술자 및 시험원,JF_RND_02,unchanged,confirmed,,JF_RND_02
2332,금속 및 재료공학 시험원,"전문가 및 관련
종사자",공학 전문가 및 기술직,금속‧재료공학 기술자 및 시험원,JF_RND_02,unchanged,confirmed,,JF_RND_02
2341,전기공학 기술자 및 연구원,"전문가 및 관련
종사자",공학 전문가 및 기술직,전기‧전자공학 기술자 및 시험원,JF_RND_02,unchanged,confirmed,,JF_RND_02
2342,반도체공학 기술자 및 연구원,"전문가 및 관련
종사자",공학 전문가 및 기술직,전기‧전자공학 기술자 및 시험원,JF_RND_02,unchanged,confirmed,,JF_RND_02
2343,전자공학 기술자 및 연구원,"전문가 및 관련
종사자",공학 전문가 및 기술직,전기‧전자공학 기술자 및 시험원,JF_RND_02,unchanged,confirmed,,JF_RND_02
2344,전기 및 전자공학 시험원,"전문가 및 관련
종사자",공학 전문가 및 기술직,전기‧전자공학 기술자 및 시험원,JF_RND_02,unchanged,confirmed,,JF_RND_02
2351,기계공학 기술자 및 연구원,"전문가 및 관련
종사자",공학 전문가 및 기술직,기계‧로봇공학 기술자 및 시험원,JF_RND_02,unchanged,confirmed,,JF_RND_02
2352,로봇공학 기술자 및 연구원,"전문가 및 관련
종사자",공학 전문가 및 기술직,기계‧로봇공학 기술자 및 시험원,JF_RND_02,unchanged,confirmed,,JF_RND_02
2353,기계 및 로봇공학 시험원,"전문가 및 관련
종사자",공학 전문가 및 기술직,기계‧로봇공학 기술자 및 시험원,JF_RND_02,unchanged,confirmed,,JF_RND_02
2361,방재 기술자 및 연구원,"전문가 및 관련
종사자",공학 전문가 및 기술직,소방‧방재‧산업안전 기술자 및 시험원,JF_BIZ_02,manual_fix,confirmed,,JF_MFG_03
2362,소방공학 기술자 및 연구원,"전문가 및 관련
종사자",공학 전문가 및 기술직,소방‧방재‧산업안전 기술자 및 시험원,JF_BIZ_02,manual_fix,confirmed,,JF_RND_01
2363,산업안전 및 산업위험 관리 기술자,"전문가 및 관련
종사자",공학 전문가 및 기술직,소방‧방재‧산업안전 기술자 및 시험원,JF_BIZ_02,manual_fix,confirmed,,JF_MFG_03
2364,산업보건 및 산업환경 관리 기술자,"전문가 및 관련
종사자",공학 전문가 및 기술직,소방‧방재‧산업안전 기술자 및 시험원,JF_RND_03,unchanged,confirmed,,JF_RND_03
2365,소방‧방재 및 산업안전 시험원,"전문가 및 관련
종사자",공학 전문가 및 기술직,소방‧방재‧산업안전 기술자 및 시험원,JF_BIZ_02,manual_fix,confirmed,,JF_MFG_03
2371,환경공학 기술자 및 연구원,"전문가 및 관련
종사자",공학 전문가 및 기술직,환경공학‧가스‧에너지 기술자 및 시험원,JF_RND_03,unchanged,confirmed,,JF_RND_03
2372,신재생에너지 기술자 및 연구원,"전문가 및 관련
종사자",공학 전문가 및 기술직,환경공학‧가스‧에너지 기술자 및 시험원,JF_RND_03,unchanged,confirmed,,JF_RND_03
2373,가스‧에너지 기술자 및 연구원,"전문가 및 관련
종사자",공학 전문가 및 기술직,환경공학‧가스‧에너지 기술자 및 시험원,JF_RND_03,unchanged,confirmed,,JF_RND_03
2374,환경공학 시험원,"전문가 및 관련
종사자",공학 전문가 및 기술직,환경공학‧가스‧에너지 기술자 및 시험원,JF_RND_03,unchanged,confirmed,,JF_RND_03
2375,신재생에너지 시험원,"전문가 및 관련
종사자",공학 전문가 및 기술직,환경공학‧가스‧에너지 기술자 및 시험원,JF_RND_03,unchanged,confirmed,,JF_RND_03
2376,가스 및 에너지 시험원,"전문가 및 관련
종사자",공학 전문가 및 기술직,환경공학‧가스‧에너지 기술자 및 시험원,JF_RND_03,unchanged,confirmed,,JF_RND_03
2381,항공기 조종사,"전문가 및 관련
종사자",공학 전문가 및 기술직,항공기‧선박 기관사 및 관제사,JF_SVC_04,unchanged,confirmed,,JF_SVC_04
2382,선장 및 항해사‧도선사,"전문가 및 관련
종사자",공학 전문가 및 기술직,항공기‧선박 기관사 및 관제사,JF_SVC_04,unchanged,confirmed,,JF_SVC_04
2383,관제사,"전문가 및 관련
종사자",공학 전문가 및 기술직,항공기‧선박 기관사 및 관제사,JF_SVC_04,unchanged,confirmed,,JF_SVC_04
2391,식품공학 기술자 및 연구원,"전문가 및 관련
종사자",공학 전문가 및 기술직,기타 공학 전문가 및 관련 종사자,JF_BIZ_02,manual_fix,confirmed,,JF_RND_03
2392,섬유공학 기술자 및 연구원,"전문가 및 관련
종사자",공학 전문가 및 기술직,기타 공학 전문가 및 관련 종사자,JF_BIZ_02,manual_fix,confirmed,,JF_RND_01
2393,식품공학 시험원,"전문가 및 관련
종사자",공학 전문가 및 기술직,기타 공학 전문가 및 관련 종사자,JF_BIZ_02,manual_fix,confirmed,,JF_RND_03
2394,섬유공학 시험원,"전문가 및 관련
종사자",공학 전문가 및 기술직,기타 공학 전문가 및 관련 종사자,JF_BIZ_02,manual_fix,confirmed,,JF_RND_01
2395,제도사,"전문가 및 관련
종사자",공학 전문가 및 기술직,기타 공학 전문가 및 관련 종사자,JF_BIZ_02,manual_fix,confirmed,,JF_MFG_06
2399,기타 공학 관련 기술자 및 시험원,"전문가 및 관련
종사자",공학 전문가 및 기술직,기타 공학 전문가 및 관련 종사자,JF_BIZ_02,manual_fix,confirmed,,JF_MFG_09
2411,전문 의사,"전문가 및 관련
종사자",보건 전문가 및 관련직,의사·한의사 및 치과의사,JF_EDU_02,manual_fix,confirmed,,JF_PRO_07
2412,일반 의사,"전문가 및 관련
종사자",보건 전문가 및 관련직,의사·한의사 및 치과의사,JF_EDU_02,manual_fix,confirmed,,JF_PRO_07
2413,한의사,"전문가 및 관련
종사자",보건 전문가 및 관련직,의사·한의사 및 치과의사,JF_EDU_02,manual_fix,confirmed,,JF_PRO_07
2414,치과의사,"전문가 및 관련
종사자",보건 전문가 및 관련직,의사·한의사 및 치과의사,JF_EDU_02,manual_fix,confirmed,,JF_PRO_07
2420,수의사,"전문가 및 관련
종사자",보건 전문가 및 관련직,수의사,JF_EDU_02,manual_fix,confirmed,,JF_PRO_12
2431,약사,"전문가 및 관련
종사자",보건 전문가 및 관련직,약사 및 한약사,JF_EDU_02,manual_fix,confirmed,,JF_PRO_08
2432,한약사,"전문가 및 관련
종사자",보건 전문가 및 관련직,약사 및 한약사,JF_EDU_02,manual_fix,confirmed,,JF_PRO_08
2440,간호사,"전문가 및 관련
종사자",보건 전문가 및 관련직,간호사,JF_EDU_02,manual_fix,confirmed,,JF_PRO_09
2450,영양사,"전문가 및 관련
종사자",보건 전문가 및 관련직,영양사,JF_EDU_02,unchanged,confirmed,,JF_EDU_02
2461,임상병리사,"전문가 및 관련
종사자",보건 전문가 및 관련직,치료‧재활사 및 의료기사,JF_EDU_02,manual_fix,confirmed,,JF_PRO_10
2462,방사선사,"전문가 및 관련
종사자",보건 전문가 및 관련직,치료‧재활사 및 의료기사,JF_EDU_02,manual_fix,confirmed,,JF_PRO_10
2463,치과기공사,"전문가 및 관련
종사자",보건 전문가 및 관련직,치료‧재활사 및 의료기사,JF_EDU_02,manual_fix,confirmed,,JF_PRO_10
2464,치과위생사,"전문가 및 관련
종사자",보건 전문가 및 관련직,치료‧재활사 및 의료기사,JF_EDU_02,manual_fix,confirmed,,JF_PRO_10
2465,재활공학 기사,"전문가 및 관련
종사자",보건 전문가 및 관련직,치료‧재활사 및 의료기사,JF_EDU_02,unchanged,confirmed,,JF_EDU_02
2466,물리 및 작업 치료사,"전문가 및 관련
종사자",보건 전문가 및 관련직,치료‧재활사 및 의료기사,JF_EDU_02,unchanged,confirmed,,JF_EDU_02
2467,임상심리사,"전문가 및 관련
종사자",보건 전문가 및 관련직,치료‧재활사 및 의료기사,JF_EDU_02,manual_fix,confirmed,,JF_SOC_02
2468,언어 및 청각능력 재활사,"전문가 및 관련
종사자",보건 전문가 및 관련직,치료‧재활사 및 의료기사,JF_EDU_02,unchanged,confirmed,,JF_EDU_02
2469,기타 치료·재활사 및 의료기사,"전문가 및 관련
종사자",보건 전문가 및 관련직,치료‧재활사 및 의료기사,JF_EDU_02,manual_fix,confirmed,,JF_PRO_10
2491,응급 구조사,"전문가 및 관련
종사자",보건 전문가 및 관련직,기타 보건 전문가 및 관련 종사자,JF_EDU_02,unchanged,confirmed,,JF_EDU_02
2492,위생사,"전문가 및 관련
종사자",보건 전문가 및 관련직,기타 보건 전문가 및 관련 종사자,JF_EDU_02,unchanged,confirmed,,JF_EDU_02
2493,안경사,"전문가 및 관련
종사자",보건 전문가 및 관련직,기타 보건 전문가 및 관련 종사자,JF_EDU_02,unchanged,confirmed,,JF_EDU_02
2494,보건의료정보 관리사,"전문가 및 관련
종사자",보건 전문가 및 관련직,기타 보건 전문가 및 관련 종사자,JF_EDU_02,manual_fix,confirmed,,JF_MED_H04
2495,간호조무사,"전문가 및 관련
종사자",보건 전문가 및 관련직,기타 보건 전문가 및 관련 종사자,JF_EDU_02,manual_fix,confirmed,,JF_MED_H02
2496,안마사,"전문가 및 관련
종사자",보건 전문가 및 관련직,기타 보건 전문가 및 관련 종사자,JF_EDU_02,unchanged,confirmed,,JF_EDU_02
2497,환자안전 관리사,"전문가 및 관련
종사자",보건 전문가 및 관련직,기타 보건 전문가 및 관련 종사자,JF_EDU_02,unchanged,confirmed,,JF_EDU_02
2510,보육교사,"전문가 및 관련
종사자",사회복지·종교 전문가 및 관련직,보육교사,JF_EDU_03,unchanged,confirmed,,JF_EDU_03
2520,시민사회 활동가,"전문가 및 관련
종사자",사회복지·종교 전문가 및 관련직,시민사회 활동가,JF_EDU_03,unchanged,confirmed,,JF_EDU_03
2531,사회복지사,"전문가 및 관련
종사자",사회복지·종교 전문가 및 관련직,사회복지 전문가 및 관련 종사자,JF_EDU_03,unchanged,confirmed,,JF_EDU_03
2532,직업 관련 상담사,"전문가 및 관련
종사자",사회복지·종교 전문가 및 관련직,사회복지 전문가 및 관련 종사자,JF_EDU_03,unchanged,confirmed,,JF_EDU_03
2533,상담 전문가,"전문가 및 관련
종사자",사회복지·종교 전문가 및 관련직,사회복지 전문가 및 관련 종사자,JF_EDU_03,unchanged,confirmed,,JF_EDU_03
2534,청소년 지도사,"전문가 및 관련
종사자",사회복지·종교 전문가 및 관련직,사회복지 전문가 및 관련 종사자,JF_EDU_03,unchanged,confirmed,,JF_EDU_03
2539,기타 사회복지 전문가 및 관련 종사원,"전문가 및 관련
종사자",사회복지·종교 전문가 및 관련직,사회복지 전문가 및 관련 종사자,JF_EDU_03,unchanged,confirmed,,JF_EDU_03
2611,대학교수,"전문가 및 관련
종사자",교육 전문가 및 관련직,대학교수 및 강사,JF_SVC_01,unchanged,confirmed,,JF_SVC_01
2612,대학 강사,"전문가 및 관련
종사자",교육 전문가 및 관련직,대학교수 및 강사,JF_SVC_01,unchanged,confirmed,,JF_SVC_01
2621,중‧고등학교 교사,"전문가 및 관련
종사자",교육 전문가 및 관련직,학교 교사,JF_EDU_01,unchanged,confirmed,,JF_EDU_01
2622,초등학교 교사,"전문가 및 관련
종사자",교육 전문가 및 관련직,학교 교사,JF_EDU_01,unchanged,confirmed,,JF_EDU_01
2623,특수교육 교사,"전문가 및 관련
종사자",교육 전문가 및 관련직,학교 교사,JF_EDU_01,unchanged,confirmed,,JF_EDU_01
2630,유치원 교사,"전문가 및 관련
종사자",교육 전문가 및 관련직,유치원 교사,JF_EDU_01,unchanged,confirmed,,JF_EDU_01
2641,외국어 강사,"전문가 및 관련
종사자",교육 전문가 및 관련직,문리‧기술 및 예능 강사,JF_SVC_01,unchanged,confirmed,,JF_SVC_01
2642,문리강사,"전문가 및 관련
종사자",교육 전문가 및 관련직,문리‧기술 및 예능 강사,JF_SVC_01,unchanged,confirmed,,JF_SVC_01
2643,정보통신기술 강사,"전문가 및 관련
종사자",교육 전문가 및 관련직,문리‧기술 및 예능 강사,JF_SVC_01,unchanged,confirmed,,JF_SVC_01
2644,간호조무 및 요양보호 강사,"전문가 및 관련
종사자",교육 전문가 및 관련직,문리‧기술 및 예능 강사,JF_EDU_02,manual_fix,confirmed,,JF_MED_H02
2645,자동차 운전 강사,"전문가 및 관련
종사자",교육 전문가 및 관련직,문리‧기술 및 예능 강사,JF_SVC_01,unchanged,confirmed,,JF_SVC_01
2646,기술 및 기능계 강사,"전문가 및 관련
종사자",교육 전문가 및 관련직,문리‧기술 및 예능 강사,JF_SVC_01,unchanged,confirmed,,JF_SVC_01
2647,예능 강사,"전문가 및 관련
종사자",교육 전문가 및 관련직,문리‧기술 및 예능 강사,JF_SVC_01,unchanged,confirmed,,JF_SVC_01
2648,학습‧교구 관련 방문강사,"전문가 및 관련
종사자",교육 전문가 및 관련직,문리‧기술 및 예능 강사,JF_SVC_01,unchanged,confirmed,,JF_SVC_01
2649,기타 문리‧기술 및 예능 강사,"전문가 및 관련
종사자",교육 전문가 및 관련직,문리‧기술 및 예능 강사,JF_SVC_01,unchanged,confirmed,,JF_SVC_01
2691,장학관‧연구관 및 교육 관련 전문가,"전문가 및 관련
종사자",교육 전문가 및 관련직,기타 교육 전문가,JF_EDU_01,unchanged,confirmed,,JF_EDU_01
2692,대학 교육 조교,"전문가 및 관련
종사자",교육 전문가 및 관련직,기타 교육 전문가,JF_EDU_01,unchanged,confirmed,,JF_EDU_01
2699,기타 교사,"전문가 및 관련
종사자",교육 전문가 및 관련직,기타 교육 전문가,JF_EDU_01,unchanged,confirmed,,JF_EDU_01
2711,판사 및 검사,"전문가 및 관련
종사자",법률 및 행정 전문직,법률 전문가,JF_FIN_04,unchanged,confirmed,,JF_FIN_04
2712,변호사,"전문가 및 관련
종사자",법률 및 행정 전문직,법률 전문가,JF_FIN_04,unchanged,confirmed,,JF_FIN_04
2713,법무사 및 집행관,"전문가 및 관련
종사자",법률 및 행정 전문직,법률 전문가,JF_FIN_04,unchanged,confirmed,,JF_FIN_04
2714,변리사,"전문가 및 관련
종사자",법률 및 행정 전문직,법률 전문가,JF_FIN_04,unchanged,confirmed,,JF_FIN_04
2719,기타 법률 전문가,"전문가 및 관련
종사자",법률 및 행정 전문직,법률 전문가,JF_FIN_04,unchanged,confirmed,,JF_FIN_04
2721,정부 행정 전문가,"전문가 및 관련
종사자",법률 및 행정 전문직,정부 행정 전문가 및 관련 종사자,JF_FIN_04,unchanged,confirmed,,JF_FIN_04
2722,행정사,"전문가 및 관련
종사자",법률 및 행정 전문직,정부 행정 전문가 및 관련 종사자,JF_FIN_04,unchanged,confirmed,,JF_FIN_04
2811,인사 및 노사 관련 전문가,"전문가 및 관련
종사자",경영‧금융 전문가 및 관련직,인사 및 경영 전문가,JF_FIN_01,unchanged,confirmed,,JF_PRO_04
2812,회계사,"전문가 및 관련
종사자",경영‧금융 전문가 및 관련직,인사 및 경영 전문가,JF_FIN_01,unchanged,confirmed,,JF_FIN_01
2813,세무사,"전문가 및 관련
종사자",경영‧금융 전문가 및 관련직,인사 및 경영 전문가,JF_FIN_01,unchanged,confirmed,,JF_PRO_05
2814,관세사,"전문가 및 관련
종사자",경영‧금융 전문가 및 관련직,인사 및 경영 전문가,JF_FIN_01,unchanged,confirmed,,JF_PRO_05
2815,경영 및 진단 전문가,"전문가 및 관련
종사자",경영‧금융 전문가 및 관련직,인사 및 경영 전문가,JF_FIN_01,unchanged,confirmed,,JF_STR_01
2821,투자 및 신용 분석가,"전문가 및 관련
종사자",경영‧금융 전문가 및 관련직,금융 및 보험 전문가,JF_FIN_01,unchanged,confirmed,,JF_FIN_01
2822,자산 운용가,"전문가 및 관련
종사자",경영‧금융 전문가 및 관련직,금융 및 보험 전문가,JF_FIN_01,unchanged,confirmed,,JF_FIN_01
2823,보험 및 금융 상품 개발자,"전문가 및 관련
종사자",경영‧금융 전문가 및 관련직,금융 및 보험 전문가,JF_DATA_03,manual_fix,confirmed,,JF_BNK_05
2824,증권 및 외환 딜러,"전문가 및 관련
종사자",경영‧금융 전문가 및 관련직,금융 및 보험 전문가,JF_FIN_01,unchanged,confirmed,,JF_FIN_01
2825,손해 사정사,"전문가 및 관련
종사자",경영‧금융 전문가 및 관련직,금융 및 보험 전문가,JF_FIN_01,unchanged,confirmed,,JF_FIN_01
2829,기타 금융 및 보험 관련 전문가,"전문가 및 관련
종사자",경영‧금융 전문가 및 관련직,금융 및 보험 전문가,JF_FIN_01,unchanged,confirmed,,JF_FIN_01
2831,상품 기획 전문가,"전문가 및 관련
종사자",경영‧금융 전문가 및 관련직,상품 기획‧홍보 및 조사 전문가,JF_FIN_01,unchanged,confirmed,,JF_STR_04
2832,여행 상품 개발자,"전문가 및 관련
종사자",경영‧금융 전문가 및 관련직,상품 기획‧홍보 및 조사 전문가,JF_DATA_03,manual_fix,confirmed,,JF_STR_04
2833,광고 및 홍보 전문가,"전문가 및 관련
종사자",경영‧금융 전문가 및 관련직,상품 기획‧홍보 및 조사 전문가,JF_FIN_01,unchanged,confirmed,,JF_MKT_07
2834,조사 전문가,"전문가 및 관련
종사자",경영‧금융 전문가 및 관련직,상품 기획‧홍보 및 조사 전문가,JF_FIN_01,unchanged,confirmed,,JF_MKT_08
2835,행사·전시 및 회의 기획자,"전문가 및 관련
종사자",경영‧금융 전문가 및 관련직,상품 기획‧홍보 및 조사 전문가,JF_FIN_01,unchanged,confirmed,,JF_MED_01
2841,감정 관련 전문가,"전문가 및 관련
종사자",경영‧금융 전문가 및 관련직,감정‧기술 영업 및 중개 관련 종사자,JF_FIN_01,unchanged,confirmed,,JF_PRO_06
2842,해외 영업원,"전문가 및 관련
종사자",경영‧금융 전문가 및 관련직,감정‧기술 영업 및 중개 관련 종사자,JF_FIN_01,unchanged,confirmed,,JF_SAL_03
2843,기술 영업원,"전문가 및 관련
종사자",경영‧금융 전문가 및 관련직,감정‧기술 영업 및 중개 관련 종사자,JF_FIN_01,unchanged,confirmed,,JF_SAL_02
2844,상품 중개인 및 경매사,"전문가 및 관련
종사자",경영‧금융 전문가 및 관련직,감정‧기술 영업 및 중개 관련 종사자,JF_FIN_01,unchanged,confirmed,,JF_SAL_06
2845,부동산 컨설턴트 및 중개사,"전문가 및 관련
종사자",경영‧금융 전문가 및 관련직,감정‧기술 영업 및 중개 관련 종사자,JF_FIN_01,unchanged,confirmed,,JF_SAL_06
2849,기타 기술 영업 및 중개 관련 종사원,"전문가 및 관련
종사자",경영‧금융 전문가 및 관련직,감정‧기술 영업 및 중개 관련 종사자,JF_FIN_01,unchanged,confirmed,,JF_SAL_02
2911,작가,"전문가 및 관련
종사자",문화·예술·스포츠·기타 전문가 및 관련직,작가 및 언론 관련 전문가,JF_SVC_02,unchanged,confirmed,,JF_SVC_02
2912,출판물 전문가,"전문가 및 관련
종사자",문화·예술·스포츠·기타 전문가 및 관련직,작가 및 언론 관련 전문가,JF_SVC_02,unchanged,confirmed,,JF_SVC_02
2913,기자 및 언론 관련 전문가,"전문가 및 관련
종사자",문화·예술·스포츠·기타 전문가 및 관련직,작가 및 언론 관련 전문가,JF_SVC_02,unchanged,confirmed,,JF_SVC_02
2914,번역가 및 통역가,"전문가 및 관련
종사자",문화·예술·스포츠·기타 전문가 및 관련직,작가 및 언론 관련 전문가,JF_SVC_02,unchanged,confirmed,,JF_SVC_02
2921,학예사 및 문화재 보존원,"전문가 및 관련
종사자",문화·예술·스포츠·기타 전문가 및 관련직,학예사‧사서 및 기록물 관리사,JF_BIZ_02,manual_fix,confirmed,,JF_MED_07
2922,사서 및 기록물 관리사,"전문가 및 관련
종사자",문화·예술·스포츠·기타 전문가 및 관련직,학예사‧사서 및 기록물 관리사,JF_BIZ_02,manual_fix,confirmed,,JF_MED_07
2931,감독 및 기술 감독,"전문가 및 관련
종사자",문화·예술·스포츠·기타 전문가 및 관련직,연극‧영화 및 영상 전문가,JF_DES_03,unchanged,confirmed,,JF_DES_03
2932,배우 및 모델,"전문가 및 관련
종사자",문화·예술·스포츠·기타 전문가 및 관련직,연극‧영화 및 영상 전문가,JF_DES_03,unchanged,confirmed,,JF_DES_03
2933,아나운서 및 리포터,"전문가 및 관련
종사자",문화·예술·스포츠·기타 전문가 및 관련직,연극‧영화 및 영상 전문가,JF_DES_03,unchanged,confirmed,,JF_DES_03
2934,촬영기사,"전문가 및 관련
종사자",문화·예술·스포츠·기타 전문가 및 관련직,연극‧영화 및 영상 전문가,JF_DES_03,unchanged,confirmed,,JF_DES_03
2935,음향 및 녹음 기사,"전문가 및 관련
종사자",문화·예술·스포츠·기타 전문가 및 관련직,연극‧영화 및 영상 전문가,JF_DES_03,unchanged,confirmed,,JF_DES_03
2936,영상‧녹화 및 편집 기사,"전문가 및 관련
종사자",문화·예술·스포츠·기타 전문가 및 관련직,연극‧영화 및 영상 전문가,JF_DES_03,unchanged,confirmed,,JF_DES_03
2937,조명기사 및 영사기사,"전문가 및 관련
종사자",문화·예술·스포츠·기타 전문가 및 관련직,연극‧영화 및 영상 전문가,JF_DES_03,unchanged,confirmed,,JF_DES_03
2938,미디어 콘텐츠 창작자,"전문가 및 관련
종사자",문화·예술·스포츠·기타 전문가 및 관련직,연극‧영화 및 영상 전문가,JF_DES_03,unchanged,confirmed,,JF_DES_03
2939,기타 연극·영화 및 영상 관련 종사원,"전문가 및 관련
종사자",문화·예술·스포츠·기타 전문가 및 관련직,연극‧영화 및 영상 전문가,JF_DES_03,unchanged,confirmed,,JF_DES_03
2941,화가 및 조각가,"전문가 및 관련
종사자",문화·예술·스포츠·기타 전문가 및 관련직,시각 및 공연 예술가,JF_BIZ_02,manual_fix,confirmed,,JF_MED_04
2942,사진기자 및 사진가,"전문가 및 관련
종사자",문화·예술·스포츠·기타 전문가 및 관련직,시각 및 공연 예술가,JF_SVC_02,unchanged,confirmed,,JF_SVC_02
2943,만화가 및 만화영화 작가,"전문가 및 관련
종사자",문화·예술·스포츠·기타 전문가 및 관련직,시각 및 공연 예술가,JF_SVC_02,unchanged,confirmed,,JF_SVC_02
2944,국악 및 전통 예능인,"전문가 및 관련
종사자",문화·예술·스포츠·기타 전문가 및 관련직,시각 및 공연 예술가,JF_BIZ_02,manual_fix,confirmed,,JF_MED_04
2945,지휘자‧작곡가 및 연주가,"전문가 및 관련
종사자",문화·예술·스포츠·기타 전문가 및 관련직,시각 및 공연 예술가,JF_BIZ_02,manual_fix,confirmed,,JF_MED_04
2946,가수 및 성악가,"전문가 및 관련
종사자",문화·예술·스포츠·기타 전문가 및 관련직,시각 및 공연 예술가,JF_BIZ_02,manual_fix,confirmed,,JF_MED_04
2947,무용가 및 안무가,"전문가 및 관련
종사자",문화·예술·스포츠·기타 전문가 및 관련직,시각 및 공연 예술가,JF_BIZ_02,manual_fix,confirmed,,JF_MED_04
2949,기타 시각 및 공연 예술가,"전문가 및 관련
종사자",문화·예술·스포츠·기타 전문가 및 관련직,시각 및 공연 예술가,JF_BIZ_02,manual_fix,confirmed,,JF_MED_04
2951,제품 디자이너,"전문가 및 관련
종사자",문화·예술·스포츠·기타 전문가 및 관련직,디자이너,JF_BIZ_02,manual_fix,confirmed,,JF_DES_06
2952,패션 디자이너,"전문가 및 관련
종사자",문화·예술·스포츠·기타 전문가 및 관련직,디자이너,JF_BIZ_02,manual_fix,confirmed,,JF_DES_05
2953,실내장식 디자이너,"전문가 및 관련
종사자",문화·예술·스포츠·기타 전문가 및 관련직,디자이너,JF_BIZ_02,manual_fix,confirmed,,JF_DES_07
2954,시각 디자이너,"전문가 및 관련
종사자",문화·예술·스포츠·기타 전문가 및 관련직,디자이너,JF_BIZ_02,manual_fix,confirmed,,JF_DES_02
2955,미디어 콘텐츠 디자이너,"전문가 및 관련
종사자",문화·예술·스포츠·기타 전문가 및 관련직,디자이너,JF_BIZ_02,manual_fix,confirmed,,JF_DES_03
2961,스포츠 감독 및 코치,"전문가 및 관련
종사자",문화·예술·스포츠·기타 전문가 및 관련직,스포츠 및 레크리에이션 관련 전문가,JF_BIZ_02,manual_fix,confirmed,,JF_MED_08
2963,경기 심판 및 경기 기록원,"전문가 및 관련
종사자",문화·예술·스포츠·기타 전문가 및 관련직,스포츠 및 레크리에이션 관련 전문가,JF_BIZ_02,manual_fix,confirmed,,JF_MED_08
2964,스포츠 강사 및 트레이너,"전문가 및 관련
종사자",문화·예술·스포츠·기타 전문가 및 관련직,스포츠 및 레크리에이션 관련 전문가,JF_SVC_01,unchanged,confirmed,,JF_SVC_01
2969,기타 스포츠 및 레크리에이션 관련 전문가,"전문가 및 관련
종사자",문화·예술·스포츠·기타 전문가 및 관련직,스포츠 및 레크리에이션 관련 전문가,JF_BIZ_02,manual_fix,confirmed,,JF_SVC_10
2970,주방장 및 요리 연구가,"전문가 및 관련
종사자",문화·예술·스포츠·기타 전문가 및 관련직,식문화 관련 전문가,JF_BIZ_02,manual_fix,confirmed,,JF_SVC_02
2981,공연 및 시각예술 기획자,"전문가 및 관련
종사자",문화·예술·스포츠·기타 전문가 및 관련직,문화‧예술 관련 기획자,JF_BIZ_02,manual_fix,confirmed,,JF_MED_01
2982,영화 및 음반 기획자,"전문가 및 관련
종사자",문화·예술·스포츠·기타 전문가 및 관련직,문화‧예술 관련 기획자,JF_BIZ_02,manual_fix,confirmed,,JF_MED_01
3111,경영 기획 사무원,사무 종사자,기획‧영업 및 인사 사무직,기획 및 마케팅 사무원,JF_HR_01,unchanged,confirmed,,JF_HR_01
3112,영업 및 마케팅 사무원,사무 종사자,기획‧영업 및 인사 사무직,기획 및 마케팅 사무원,JF_HR_01,unchanged,confirmed,,JF_HR_01
3121,인사 및 노무 사무원,사무 종사자,기획‧영업 및 인사 사무직,인사 및 교육·훈련 사무원,JF_HR_01,unchanged,confirmed,,JF_HR_01
3122,교육 및 훈련 사무원,사무 종사자,기획‧영업 및 인사 사무직,인사 및 교육·훈련 사무원,JF_HR_01,unchanged,confirmed,,JF_HR_01
3211,자재관리 사무원,사무 종사자,자재·생산 및 운송 사무직,자재 및 생산관리 사무원,JF_HR_04,unchanged,confirmed,,JF_OPS_02
3212,생산 및 품질관리 사무원,사무 종사자,자재·생산 및 운송 사무직,자재 및 생산관리 사무원,JF_HR_04,unchanged,confirmed,,JF_MFG_02
3221,도로 및 철도운송 사무원,사무 종사자,자재·생산 및 운송 사무직,운송 및 무역 사무원,JF_SALES_01,manual_fix,confirmed,,JF_SVC_01
3222,수상 및 항공운송 사무원,사무 종사자,자재·생산 및 운송 사무직,운송 및 무역 사무원,JF_SALES_01,manual_fix,confirmed,,JF_SVC_01
3223,무역 사무원,사무 종사자,자재·생산 및 운송 사무직,운송 및 무역 사무원,JF_SALES_01,manual_fix,confirmed,,JF_SVC_01
3229,기타 운송 및 무역 사무원,사무 종사자,자재·생산 및 운송 사무직,운송 및 무역 사무원,JF_SALES_01,manual_fix,confirmed,,JF_OPS_07
3311,회계 사무원,사무 종사자,회계·경리 및 통계 사무직,회계 및 경리 사무원,JF_FIN_01,unchanged,confirmed,,JF_FIN_01
3312,경리 사무원,사무 종사자,회계·경리 및 통계 사무직,회계 및 경리 사무원,JF_FIN_01,unchanged,confirmed,,JF_FIN_01
3320,통계‧데이터 관련 사무원,사무 종사자,회계·경리 및 통계 사무직,통계‧데이터 관련 사무원,JF_FIN_01,unchanged,confirmed,,JF_AI_04
3401,출납 창구 사무원,사무 종사자,금융 사무직,금융 사무 종사자,JF_HR_04,unchanged,confirmed,,JF_BNK_01
3402,보험 심사원 및 사무원,사무 종사자,금융 사무직,금융 사무 종사자,JF_HR_04,unchanged,confirmed,,JF_BNK_08
3403,은행 사무원,사무 종사자,금융 사무직,금융 사무 종사자,JF_HR_04,unchanged,confirmed,,JF_BNK_01
3404,증권 사무원,사무 종사자,금융 사무직,금융 사무 종사자,JF_HR_04,unchanged,confirmed,,JF_BNK_09
3405,수금원 및 신용 추심원,사무 종사자,금융 사무직,금융 사무 종사자,JF_HR_04,unchanged,confirmed,,JF_BNK_08
3409,기타 금융 사무원,사무 종사자,금융 사무직,금융 사무 종사자,JF_HR_04,unchanged,confirmed,,JF_BNK_01
3511,법률 관련 사무원,사무 종사자,법률‧감사 및 정부 행정 사무직,법률 및 감사 사무 종사자,JF_FIN_04,unchanged,confirmed,,JF_FIN_04
3512,감사 사무원,사무 종사자,법률‧감사 및 정부 행정 사무직,법률 및 감사 사무 종사자,JF_FIN_04,unchanged,confirmed,,JF_FIN_04
3521,조세 행정 사무원,사무 종사자,법률‧감사 및 정부 행정 사무직,정부 행정 사무 종사자,JF_FIN_04,unchanged,confirmed,,JF_FIN_04
3522,관세 행정 사무원,사무 종사자,법률‧감사 및 정부 행정 사무직,정부 행정 사무 종사자,JF_FIN_04,unchanged,confirmed,,JF_FIN_04
3523,병무 행정 사무원,사무 종사자,법률‧감사 및 정부 행정 사무직,정부 행정 사무 종사자,JF_FIN_04,unchanged,confirmed,,JF_FIN_04
3529,기타 정부 행정 사무원,사무 종사자,법률‧감사 및 정부 행정 사무직,정부 행정 사무 종사자,JF_FIN_04,unchanged,confirmed,,JF_FIN_04
3611,여행 사무원,사무 종사자,상담‧안내 및 접수 사무직,여행‧안내 및 접수 사무원,JF_HR_04,unchanged,confirmed,,JF_HR_04
3612,안내‧접수원 및 전화교환원,사무 종사자,상담‧안내 및 접수 사무직,여행‧안내 및 접수 사무원,JF_HR_04,unchanged,confirmed,,JF_HR_04
3620,고객 상담 및 모니터 요원,사무 종사자,상담‧안내 및 접수 사무직,고객 상담 및 모니터 요원,JF_HR_04,unchanged,confirmed,,JF_HR_04
3710,총무 사무원 및 대학 행정조교,사무 종사자,일반 지원 사무직,총무 사무원 및 대학 행정조교,JF_HR_04,unchanged,confirmed,,JF_HR_04
3721,비서,사무 종사자,일반 지원 사무직,비서 및 사무 지원 종사자,JF_HR_04,unchanged,confirmed,,JF_HR_04
3722,연예인 및 스포츠 매니저,사무 종사자,일반 지원 사무직,비서 및 사무 지원 종사자,JF_HR_04,unchanged,confirmed,,JF_MED_04
3723,전산 자료 입력원,사무 종사자,일반 지원 사무직,비서 및 사무 지원 종사자,JF_HR_04,unchanged,confirmed,,JF_HR_04
3724,속기사,사무 종사자,일반 지원 사무직,비서 및 사무 지원 종사자,JF_HR_04,unchanged,confirmed,,JF_HR_04
3725,자원봉사 관리원,사무 종사자,일반 지원 사무직,비서 및 사무 지원 종사자,JF_HR_04,unchanged,confirmed,,JF_HR_04
3729,기타 사무 지원 종사원,사무 종사자,일반 지원 사무직,비서 및 사무 지원 종사자,JF_HR_04,unchanged,confirmed,,JF_HR_04
4111,경찰관 및 수사관,서비스 종사자,경찰‧소방 및 보안 관련 서비스직,경찰‧소방 및 교도 관련 종사자,JF_SVC_05,unchanged,confirmed,,JF_SVC_05
4112,소방관,서비스 종사자,경찰‧소방 및 보안 관련 서비스직,경찰‧소방 및 교도 관련 종사자,JF_SVC_05,unchanged,confirmed,,JF_SVC_05
4113,소년원 학교 교사 및 교도관,서비스 종사자,경찰‧소방 및 보안 관련 서비스직,경찰‧소방 및 교도 관련 종사자,JF_SVC_05,unchanged,confirmed,,JF_SVC_05
4121,경호원,서비스 종사자,경찰‧소방 및 보안 관련 서비스직,경호 및 보안 관련 종사자,JF_SVC_05,unchanged,confirmed,,JF_SVC_05
4122,청원경찰,서비스 종사자,경찰‧소방 및 보안 관련 서비스직,경호 및 보안 관련 종사자,JF_SVC_05,unchanged,confirmed,,JF_SVC_05
4123,시설 및 특수 경비원,서비스 종사자,경찰‧소방 및 보안 관련 서비스직,경호 및 보안 관련 종사자,JF_SVC_05,unchanged,confirmed,,JF_SVC_05
4124,보안 관제원,서비스 종사자,경찰‧소방 및 보안 관련 서비스직,경호 및 보안 관련 종사자,JF_SVC_05,unchanged,confirmed,,JF_SVC_05
4129,기타 경호 및 보안 관련 종사원,서비스 종사자,경찰‧소방 및 보안 관련 서비스직,경호 및 보안 관련 종사자,JF_SVC_05,unchanged,confirmed,,JF_SVC_05
4211,교사 보조 및 관련 종사원,서비스 종사자,돌봄 및 보건 서비스직,교사 보조 및 아동 돌봄 종사자,JF_EDU_03,unchanged,confirmed,,JF_EDU_03
4212,보육 관련 시설 돌봄 종사원,서비스 종사자,돌봄 및 보건 서비스직,교사 보조 및 아동 돌봄 종사자,JF_EDU_03,unchanged,confirmed,,JF_EDU_03
4219,기타 교사 보조 및 아동 돌봄 종사원,서비스 종사자,돌봄 및 보건 서비스직,교사 보조 및 아동 돌봄 종사자,JF_EDU_03,unchanged,confirmed,,JF_EDU_03
4221,요양보호사,서비스 종사자,돌봄 및 보건 서비스직,요양보호사 및 간병인,JF_EDU_03,unchanged,confirmed,,JF_EDU_03
4222,간병인,서비스 종사자,돌봄 및 보건 서비스직,요양보호사 및 간병인,JF_EDU_03,unchanged,confirmed,,JF_EDU_03
4231,노인 돌봄 종사원,서비스 종사자,돌봄 및 보건 서비스직,노인 및 장애인 돌봄 종사자,JF_EDU_03,unchanged,confirmed,,JF_EDU_03
4232,장애인 돌봄 종사원,서비스 종사자,돌봄 및 보건 서비스직,노인 및 장애인 돌봄 종사자,JF_EDU_03,unchanged,confirmed,,JF_EDU_03
4290,기타 돌봄 및 보건 서비스 종사원,서비스 종사자,돌봄 및 보건 서비스직,기타 돌봄 및 보건 서비스 종사자,JF_EDU_03,unchanged,confirmed,,JF_EDU_03
4311,이용사,서비스 종사자,개인 생활 서비스직,미용 관련 서비스 종사자,JF_SVC_03,unchanged,confirmed,,JF_SVC_03
4312,미용사,서비스 종사자,개인 생활 서비스직,미용 관련 서비스 종사자,JF_SVC_03,unchanged,confirmed,,JF_SVC_03
4313,네일 관리사,서비스 종사자,개인 생활 서비스직,미용 관련 서비스 종사자,JF_SVC_03,unchanged,confirmed,,JF_SVC_03
4314,피부 및 체형 관리사,서비스 종사자,개인 생활 서비스직,미용 관련 서비스 종사자,JF_SVC_03,unchanged,confirmed,,JF_SVC_03
4315,메이크업 아티스트 및 분장사,서비스 종사자,개인 생활 서비스직,미용 관련 서비스 종사자,JF_SVC_03,unchanged,confirmed,,JF_SVC_03
4319,기타 미용 관련 서비스 종사원,서비스 종사자,개인 생활 서비스직,미용 관련 서비스 종사자,JF_SVC_03,unchanged,confirmed,,JF_SVC_03
4321,결혼 상담원 및 웨딩플래너,서비스 종사자,개인 생활 서비스직,혼례 및 장례 종사자,JF_SVC_03,unchanged,confirmed,,JF_SVC_03
4322,혼례 종사원,서비스 종사자,개인 생활 서비스직,혼례 및 장례 종사자,JF_SVC_03,unchanged,confirmed,,JF_SVC_03
4323,장례 상담원 및 장례 지도사,서비스 종사자,개인 생활 서비스직,혼례 및 장례 종사자,JF_SVC_03,unchanged,confirmed,,JF_SVC_03
4331,수의사 보조원,서비스 종사자,개인 생활 서비스직,동물 관련 서비스 종사자,JF_SVC_03,manual_fix,confirmed,,JF_PRO_12
4332,반려동물 훈련사 및 행동 상담사,서비스 종사자,개인 생활 서비스직,동물 관련 서비스 종사자,JF_SVC_03,unchanged,confirmed,,JF_SVC_03
4333,반려동물 관리 종사원,서비스 종사자,개인 생활 서비스직,동물 관련 서비스 종사자,JF_SVC_03,unchanged,confirmed,,JF_SVC_03
4391,점술가 및 민속신앙 종사원,서비스 종사자,개인 생활 서비스직,기타 개인 생활 서비스 종사자,JF_SVC_03,unchanged,confirmed,,JF_SVC_03
4399,기타 개인 생활 서비스 종사원,서비스 종사자,개인 생활 서비스직,기타 개인 생활 서비스 종사자,JF_SVC_03,unchanged,confirmed,,JF_SVC_03
4411,항공기 객실 승무원,서비스 종사자,운송 및 여가 서비스직,운송 서비스 종사자,JF_SVC_03,unchanged,confirmed,,JF_SVC_03
4412,선박 및 열차 객실 승무원,서비스 종사자,운송 및 여가 서비스직,운송 서비스 종사자,JF_SVC_03,unchanged,confirmed,,JF_SVC_03
4421,관광 서비스 종사원,서비스 종사자,운송 및 여가 서비스직,여가 서비스 종사자,JF_SVC_03,unchanged,confirmed,,JF_SVC_03
4422,숙박시설 서비스 종사원,서비스 종사자,운송 및 여가 서비스직,여가 서비스 종사자,JF_SVC_03,unchanged,confirmed,,JF_SVC_03
4423,오락시설 서비스 종사원,서비스 종사자,운송 및 여가 서비스직,여가 서비스 종사자,JF_SVC_03,unchanged,confirmed,,JF_SVC_03
4429,기타 여가 서비스 종사원,서비스 종사자,운송 및 여가 서비스직,여가 서비스 종사자,JF_SVC_03,unchanged,confirmed,,JF_SVC_03
4511,한식 조리사,서비스 종사자,조리 및 음식 서비스직,조리사,JF_SVC_03,unchanged,confirmed,,JF_SVC_03
4512,중식 조리사,서비스 종사자,조리 및 음식 서비스직,조리사,JF_SVC_03,unchanged,confirmed,,JF_SVC_03
4513,양식 조리사,서비스 종사자,조리 및 음식 서비스직,조리사,JF_SVC_03,unchanged,confirmed,,JF_SVC_03
4514,일식 조리사,서비스 종사자,조리 및 음식 서비스직,조리사,JF_SVC_03,unchanged,confirmed,,JF_SVC_03
4515,단체급식 조리사,서비스 종사자,조리 및 음식 서비스직,조리사,JF_SVC_03,unchanged,confirmed,,JF_SVC_03
4519,기타 조리사,서비스 종사자,조리 및 음식 서비스직,조리사,JF_SVC_03,unchanged,confirmed,,JF_SVC_03
4521,음료 조리원,서비스 종사자,조리 및 음식 서비스직,음료 조리 종사자,JF_SVC_03,unchanged,confirmed,,JF_SVC_03
4522,바텐더,서비스 종사자,조리 및 음식 서비스직,음료 조리 종사자,JF_SVC_03,unchanged,confirmed,,JF_SVC_03
4531,식음료 서비스 종사원,서비스 종사자,조리 및 음식 서비스직,식음료 서비스 종사자,JF_SVC_03,unchanged,confirmed,,JF_SVC_03
4539,기타 식음료 서비스 종사원,서비스 종사자,조리 및 음식 서비스직,식음료 서비스 종사자,JF_SVC_03,unchanged,confirmed,,JF_SVC_03
5101,자동차 영업원,판매 종사자,영업직,영업 종사자,JF_SALES_02,manual_fix,confirmed,,JF_SAL_04
5102,제품 영업원,판매 종사자,영업직,영업 종사자,JF_SALES_02,manual_fix,confirmed,,JF_SAL_01
5103,보험 모집인 및 투자 권유 대행인,판매 종사자,영업직,영업 종사자,JF_SALES_02,manual_fix,confirmed,,JF_BNK_06
5104,대출 및 신용카드 모집인,판매 종사자,영업직,영업 종사자,JF_SALES_02,manual_fix,confirmed,,JF_BNK_03
5105,홍보 도우미 및 판촉원,판매 종사자,영업직,영업 종사자,JF_SALES_02,manual_fix,confirmed,,JF_MKT_07
5109,기타 영업원,판매 종사자,영업직,영업 종사자,JF_SALES_02,manual_fix,confirmed,,JF_SAL_04
5211,소규모 상점 경영 및 일선 관리 종사원,판매 종사자,매장 판매 및 상품 대여직,매장 판매 종사자,JF_SALES_02,manual_fix,confirmed,,JF_SVC_08
5212,상점 판매원,판매 종사자,매장 판매 및 상품 대여직,매장 판매 종사자,JF_SALES_02,manual_fix,confirmed,,JF_SVC_09
5213,매표원 및 복권 판매원,판매 종사자,매장 판매 및 상품 대여직,매장 판매 종사자,JF_SALES_02,manual_fix,confirmed,,JF_SVC_09
5214,매장 계산원 및 요금 정산원,판매 종사자,매장 판매 및 상품 대여직,매장 판매 종사자,JF_SALES_02,manual_fix,confirmed,,JF_SVC_09
5220,상품 대여원,판매 종사자,매장 판매 및 상품 대여직,상품 대여 종사자,JF_SALES_02,manual_fix,confirmed,,JF_SVC_09
5311,단말기 및 통신 서비스 판매원,판매 종사자,통신 및 방문‧노점 판매 관련직,통신 관련 판매 종사자,JF_SALES_02,manual_fix,confirmed,,JF_SAL_04
5312,온라인 쇼핑 판매원,판매 종사자,통신 및 방문‧노점 판매 관련직,통신 관련 판매 종사자,JF_SALES_02,manual_fix,confirmed,,JF_SAL_04
5313,텔레마케터,판매 종사자,통신 및 방문‧노점 판매 관련직,통신 관련 판매 종사자,JF_SALES_02,manual_fix,confirmed,,JF_CS_03
5321,방문 판매원,판매 종사자,통신 및 방문‧노점 판매 관련직,방문 및 노점 판매 종사자,JF_SALES_02,manual_fix,confirmed,,JF_SAL_04
5322,노점 및 이동 판매원,판매 종사자,통신 및 방문‧노점 판매 관련직,방문 및 노점 판매 종사자,JF_SALES_02,manual_fix,confirmed,,JF_SAL_04
6111,곡식작물 재배원,농림∙어업 숙련 종사자,농축산 숙련직,작물 재배 종사자,JF_SVC_06,unchanged,confirmed,,JF_AGR_01
6112,채소 및 특용작물 재배원,농림∙어업 숙련 종사자,농축산 숙련직,작물 재배 종사자,JF_SVC_06,unchanged,confirmed,,JF_AGR_01
6113,과수작물 재배원,농림∙어업 숙련 종사자,농축산 숙련직,작물 재배 종사자,JF_SVC_06,unchanged,confirmed,,JF_AGR_01
6121,원예작물 재배원,농림∙어업 숙련 종사자,농축산 숙련직,원예 및 조경 종사자,JF_SVC_06,unchanged,confirmed,,JF_AGR_01
6122,조경원,농림∙어업 숙련 종사자,농축산 숙련직,원예 및 조경 종사자,JF_SVC_06,unchanged,confirmed,,JF_AGR_01
6131,낙농 관련 종사원,농림∙어업 숙련 종사자,농축산 숙련직,축산 및 사육 관련 종사자,JF_SVC_06,unchanged,confirmed,,JF_AGR_02
6132,한우 및 육우 사육원,농림∙어업 숙련 종사자,농축산 숙련직,축산 및 사육 관련 종사자,JF_SVC_06,unchanged,confirmed,,JF_AGR_02
6133,돼지 사육원,농림∙어업 숙련 종사자,농축산 숙련직,축산 및 사육 관련 종사자,JF_SVC_06,unchanged,confirmed,,JF_AGR_02
6134,가금 사육원,농림∙어업 숙련 종사자,농축산 숙련직,축산 및 사육 관련 종사자,JF_SVC_06,unchanged,confirmed,,JF_AGR_02
6139,기타 축산 및 사육 관련 종사원,농림∙어업 숙련 종사자,농축산 숙련직,축산 및 사육 관련 종사자,JF_SVC_06,unchanged,confirmed,,JF_AGR_02
6201,조림‧산림 경영인 및 벌목원,농림∙어업 숙련 종사자,임업 숙련직,임업 관련 종사자,JF_SVC_06,unchanged,confirmed,,JF_AGR_04
6209,기타 임업 관련 종사원,농림∙어업 숙련 종사자,임업 숙련직,임업 관련 종사자,JF_SVC_06,unchanged,confirmed,,JF_AGR_04
6301,양식원,농림∙어업 숙련 종사자,어업 숙련직,어업 관련 종사자,JF_SVC_06,unchanged,confirmed,,JF_AGR_03
6302,어부 및 해녀,농림∙어업 숙련 종사자,어업 숙련직,어업 관련 종사자,JF_SVC_06,unchanged,confirmed,,JF_AGR_03
7101,제빵사 및 제과원,기능원 및 관련 기능 종사자,식품 가공 관련 기능직,식품 가공 관련 기능 종사자,JF_SVC_03,unchanged,confirmed,,JF_SVC_03
7102,떡 제조원,기능원 및 관련 기능 종사자,식품 가공 관련 기능직,식품 가공 관련 기능 종사자,JF_SVC_03,unchanged,confirmed,,JF_SVC_03
7103,정육 가공원 및 도축원,기능원 및 관련 기능 종사자,식품 가공 관련 기능직,식품 가공 관련 기능 종사자,JF_SVC_03,unchanged,confirmed,,JF_SVC_03
7104,식품 및 담배 등급원,기능원 및 관련 기능 종사자,식품 가공 관련 기능직,식품 가공 관련 기능 종사자,JF_SVC_03,unchanged,confirmed,,JF_SVC_03
7105,김치 및 밑반찬 제조 종사원,기능원 및 관련 기능 종사자,식품 가공 관련 기능직,식품 가공 관련 기능 종사자,JF_SVC_03,unchanged,confirmed,,JF_SVC_03
7106,도시락 제조원,기능원 및 관련 기능 종사자,식품 가공 관련 기능직,식품 가공 관련 기능 종사자,JF_SVC_03,unchanged,confirmed,,JF_SVC_03
7109,기타 식품 가공 관련 기능 종사원,기능원 및 관련 기능 종사자,식품 가공 관련 기능직,식품 가공 관련 기능 종사자,JF_SVC_03,unchanged,confirmed,,JF_SVC_03
7211,패턴사,기능원 및 관련 기능 종사자,섬유‧의복 및 가죽 관련 기능직,섬유 및 가죽 관련 기능 종사자,JF_SVC_06,unchanged,confirmed,,JF_SVC_06
7212,재단사,기능원 및 관련 기능 종사자,섬유‧의복 및 가죽 관련 기능직,섬유 및 가죽 관련 기능 종사자,JF_SVC_06,unchanged,confirmed,,JF_SVC_06
7213,재봉사,기능원 및 관련 기능 종사자,섬유‧의복 및 가죽 관련 기능직,섬유 및 가죽 관련 기능 종사자,JF_SVC_06,unchanged,confirmed,,JF_SVC_06
7214,제화원,기능원 및 관련 기능 종사자,섬유‧의복 및 가죽 관련 기능직,섬유 및 가죽 관련 기능 종사자,JF_SVC_06,unchanged,confirmed,,JF_SVC_06
7219,기타 섬유 및 가죽 관련 기능 종사원,기능원 및 관련 기능 종사자,섬유‧의복 및 가죽 관련 기능직,섬유 및 가죽 관련 기능 종사자,JF_SVC_06,unchanged,confirmed,,JF_SVC_06
7221,한복 제조원,기능원 및 관련 기능 종사자,섬유‧의복 및 가죽 관련 기능직,의복 제조 관련 기능 종사자,JF_SVC_06,unchanged,confirmed,,JF_SVC_06
7222,양장 및 양복 제조원,기능원 및 관련 기능 종사자,섬유‧의복 및 가죽 관련 기능직,의복 제조 관련 기능 종사자,JF_SVC_06,unchanged,confirmed,,JF_SVC_06
7223,모피 및 가죽 의복 제조원,기능원 및 관련 기능 종사자,섬유‧의복 및 가죽 관련 기능직,의복 제조 관련 기능 종사자,JF_SVC_06,unchanged,confirmed,,JF_SVC_06
7224,의복‧가죽 및 모피 수선원,기능원 및 관련 기능 종사자,섬유‧의복 및 가죽 관련 기능직,의복 제조 관련 기능 종사자,JF_SVC_06,unchanged,confirmed,,JF_SVC_06
7229,기타 의복 제조 관련 기능 종사원,기능원 및 관련 기능 종사자,섬유‧의복 및 가죽 관련 기능직,의복 제조 관련 기능 종사자,JF_SVC_06,unchanged,confirmed,,JF_SVC_06
7301,목제품 제조 관련 종사원,기능원 및 관련 기능 종사자,목재‧가구‧악기 및 간판 관련 기능직,목재‧가구‧악기 및 간판 관련 기능 종사자,JF_SVC_06,unchanged,confirmed,,JF_SVC_06
7302,가구 제조 및 수리원,기능원 및 관련 기능 종사자,목재‧가구‧악기 및 간판 관련 기능직,목재‧가구‧악기 및 간판 관련 기능 종사자,JF_SVC_06,unchanged,confirmed,,JF_SVC_06
7303,악기 제조 및 조율사,기능원 및 관련 기능 종사자,목재‧가구‧악기 및 간판 관련 기능직,목재‧가구‧악기 및 간판 관련 기능 종사자,JF_SVC_06,unchanged,confirmed,,JF_SVC_06
7304,간판 제작 및 설치원,기능원 및 관련 기능 종사자,목재‧가구‧악기 및 간판 관련 기능직,목재‧가구‧악기 및 간판 관련 기능 종사자,JF_SVC_06,unchanged,confirmed,,JF_SVC_06
7401,금형원,기능원 및 관련 기능 종사자,금속 성형 관련 기능직,금속 성형 관련 기능 종사자,JF_SVC_06,unchanged,confirmed,,JF_SVC_06
7402,주조원,기능원 및 관련 기능 종사자,금속 성형 관련 기능직,금속 성형 관련 기능 종사자,JF_SVC_06,unchanged,confirmed,,JF_SVC_06
7403,단조원,기능원 및 관련 기능 종사자,금속 성형 관련 기능직,금속 성형 관련 기능 종사자,JF_SVC_06,unchanged,confirmed,,JF_SVC_06
7404,제관원,기능원 및 관련 기능 종사자,금속 성형 관련 기능직,금속 성형 관련 기능 종사자,JF_SVC_06,unchanged,confirmed,,JF_SVC_06
7405,판금원,기능원 및 관련 기능 종사자,금속 성형 관련 기능직,금속 성형 관련 기능 종사자,JF_SVC_06,unchanged,confirmed,,JF_SVC_06
7406,용접원,기능원 및 관련 기능 종사자,금속 성형 관련 기능직,금속 성형 관련 기능 종사자,JF_SVC_06,unchanged,confirmed,,JF_SVC_06
7510,자동차 정비원,기능원 및 관련 기능 종사자,운송 및 기계 관련 기능직,자동차 정비원,JF_SVC_06,unchanged,confirmed,,JF_SVC_06
7521,항공기 정비원,기능원 및 관련 기능 종사자,운송 및 기계 관련 기능직,운송장비 정비원,JF_SVC_06,unchanged,confirmed,,JF_SVC_06
7522,선박 정비원,기능원 및 관련 기능 종사자,운송 및 기계 관련 기능직,운송장비 정비원,JF_SVC_06,unchanged,confirmed,,JF_SVC_06
7523,철도 기관차 및 전동차 정비원,기능원 및 관련 기능 종사자,운송 및 기계 관련 기능직,운송장비 정비원,JF_SVC_06,unchanged,confirmed,,JF_SVC_06
7529,기타 운송장비 정비원,기능원 및 관련 기능 종사자,운송 및 기계 관련 기능직,운송장비 정비원,JF_SVC_06,unchanged,confirmed,,JF_SVC_06
7531,로봇 설치 및 정비원,기능원 및 관련 기능 종사자,운송 및 기계 관련 기능직,기계장비 설치 및 정비원,JF_SVC_06,unchanged,confirmed,,JF_MFG_04
7532,공업기계 설치 및 정비원,기능원 및 관련 기능 종사자,운송 및 기계 관련 기능직,기계장비 설치 및 정비원,JF_SVC_06,unchanged,confirmed,,JF_MFG_04
7533,승강기 설치 및 정비원,기능원 및 관련 기능 종사자,운송 및 기계 관련 기능직,기계장비 설치 및 정비원,JF_SVC_06,unchanged,confirmed,,JF_MFG_04
7534,물품 이동 장비 설치 및 정비원,기능원 및 관련 기능 종사자,운송 및 기계 관련 기능직,기계장비 설치 및 정비원,JF_SVC_06,unchanged,confirmed,,JF_MFG_04
7535,냉동‧냉장‧공조기 설치 및 정비원,기능원 및 관련 기능 종사자,운송 및 기계 관련 기능직,기계장비 설치 및 정비원,JF_SVC_06,unchanged,confirmed,,JF_MFG_04
7536,보일러 설치 및 정비원,기능원 및 관련 기능 종사자,운송 및 기계 관련 기능직,기계장비 설치 및 정비원,JF_SVC_06,unchanged,confirmed,,JF_MFG_04
7537,건설‧광업기계 설치 및 정비원,기능원 및 관련 기능 종사자,운송 및 기계 관련 기능직,기계장비 설치 및 정비원,JF_SVC_06,unchanged,confirmed,,JF_MFG_04
7539,농업용‧기타 기계장비 설치 및 정비원,기능원 및 관련 기능 종사자,운송 및 기계 관련 기능직,기계장비 설치 및 정비원,JF_SVC_06,unchanged,confirmed,,JF_MFG_04
7611,사무용 전자기기 설치 및 수리원,기능원 및 관련 기능 종사자,전기 및 전자 관련 기능직,전기‧전자기기 설치 및 수리원,JF_RND_02,unchanged,confirmed,,JF_MFG_05
7612,가전제품 설치 및 수리원,기능원 및 관련 기능 종사자,전기 및 전자 관련 기능직,전기‧전자기기 설치 및 수리원,JF_RND_02,unchanged,confirmed,,JF_MFG_05
7619,기타 전기‧전자기기 설치 및 수리원,기능원 및 관련 기능 종사자,전기 및 전자 관련 기능직,전기‧전자기기 설치 및 수리원,JF_RND_02,unchanged,confirmed,,JF_MFG_05
7621,산업 전기공,기능원 및 관련 기능 종사자,전기 및 전자 관련 기능직,전기공,JF_RND_02,unchanged,confirmed,,JF_MFG_05
7622,내선 전기공,기능원 및 관련 기능 종사자,전기 및 전자 관련 기능직,전기공,JF_RND_02,unchanged,confirmed,,JF_MFG_05
7623,외선 전기공,기능원 및 관련 기능 종사자,전기 및 전자 관련 기능직,전기공,JF_RND_02,unchanged,confirmed,,JF_MFG_05
7711,컴퓨터 설치 및 수리원,기능원 및 관련 기능 종사자,정보 통신 및 방송장비 관련 기능직,정보 통신기기 설치 및 수리원,JF_SVC_06,unchanged,confirmed,,JF_SVC_06
7712,이동전화기 수리원,기능원 및 관련 기능 종사자,정보 통신 및 방송장비 관련 기능직,정보 통신기기 설치 및 수리원,JF_SVC_06,unchanged,confirmed,,JF_SVC_06
7719,기타 정보 통신기기 설치 및 수리원,기능원 및 관련 기능 종사자,정보 통신 및 방송장비 관련 기능직,정보 통신기기 설치 및 수리원,JF_SVC_06,unchanged,confirmed,,JF_SVC_06
7721,방송 관련 장비 설치 및 수리원,기능원 및 관련 기능 종사자,정보 통신 및 방송장비 관련 기능직,방송‧통신장비 관련 설치 및 수리원,JF_SVC_06,unchanged,confirmed,,JF_SVC_06
7722,통신 관련 장비 설치 및 수리원,기능원 및 관련 기능 종사자,정보 통신 및 방송장비 관련 기능직,방송‧통신장비 관련 설치 및 수리원,JF_SVC_06,unchanged,confirmed,,JF_SVC_06
7723,통신‧방송‧인터넷 케이블 설치 및 수리원,기능원 및 관련 기능 종사자,정보 통신 및 방송장비 관련 기능직,방송‧통신장비 관련 설치 및 수리원,JF_SVC_06,unchanged,confirmed,,JF_SVC_06
7811,강구조물 가공원 및 건립원,기능원 및 관련 기능 종사자,건설 및 채굴 관련 기능직,건설 구조 관련 기능 종사자,JF_SVC_06,unchanged,confirmed,,JF_CON_01
7812,경량 철골공,기능원 및 관련 기능 종사자,건설 및 채굴 관련 기능직,건설 구조 관련 기능 종사자,JF_SVC_06,unchanged,confirmed,,JF_CON_01
7821,철근공,기능원 및 관련 기능 종사자,건설 및 채굴 관련 기능직,건설 관련 기능 종사자,JF_SVC_06,unchanged,confirmed,,JF_CON_01
7822,콘크리트공,기능원 및 관련 기능 종사자,건설 및 채굴 관련 기능직,건설 관련 기능 종사자,JF_SVC_06,unchanged,confirmed,,JF_CON_01
7823,건축 석공,기능원 및 관련 기능 종사자,건설 및 채굴 관련 기능직,건설 관련 기능 종사자,JF_SVC_06,unchanged,confirmed,,JF_CON_01
7824,건축 목공,기능원 및 관련 기능 종사자,건설 및 채굴 관련 기능직,건설 관련 기능 종사자,JF_SVC_06,unchanged,confirmed,,JF_CON_01
7825,조적공 및 석재 부설원,기능원 및 관련 기능 종사자,건설 및 채굴 관련 기능직,건설 관련 기능 종사자,JF_SVC_06,unchanged,confirmed,,JF_CON_01
7829,기타 건설 관련 기능 종사원,기능원 및 관련 기능 종사자,건설 및 채굴 관련 기능직,건설 관련 기능 종사자,JF_SVC_06,unchanged,confirmed,,JF_CON_01
7831,미장공,기능원 및 관련 기능 종사자,건설 및 채굴 관련 기능직,건축 마감 관련 기능 종사자,JF_SVC_06,unchanged,confirmed,,JF_CON_01
7832,방수공,기능원 및 관련 기능 종사자,건설 및 채굴 관련 기능직,건축 마감 관련 기능 종사자,JF_SVC_06,unchanged,confirmed,,JF_CON_01
7833,단열공,기능원 및 관련 기능 종사자,건설 및 채굴 관련 기능직,건축 마감 관련 기능 종사자,JF_SVC_06,unchanged,confirmed,,JF_CON_01
7834,바닥재 시공원,기능원 및 관련 기능 종사자,건설 및 채굴 관련 기능직,건축 마감 관련 기능 종사자,JF_SVC_06,unchanged,confirmed,,JF_CON_01
7835,도배공 및 유리 부착원,기능원 및 관련 기능 종사자,건설 및 채굴 관련 기능직,건축 마감 관련 기능 종사자,JF_SVC_06,unchanged,confirmed,,JF_CON_01
7836,건축 도장공,기능원 및 관련 기능 종사자,건설 및 채굴 관련 기능직,건축 마감 관련 기능 종사자,JF_SVC_06,unchanged,confirmed,,JF_CON_01
7837,새시 조립 및 설치원,기능원 및 관련 기능 종사자,건설 및 채굴 관련 기능직,건축 마감 관련 기능 종사자,JF_SVC_06,unchanged,confirmed,,JF_CON_01
7839,기타 건축 마감 관련 기능 종사원,기능원 및 관련 기능 종사자,건설 및 채굴 관련 기능직,건축 마감 관련 기능 종사자,JF_SVC_06,unchanged,confirmed,,JF_CON_01
7841,광원‧채석원 및 석재 절단원,기능원 및 관련 기능 종사자,건설 및 채굴 관련 기능직,채굴 및 토목 관련 기능 종사자,JF_SVC_06,unchanged,confirmed,,JF_CON_01
7842,철로 설치 및 보수원,기능원 및 관련 기능 종사자,건설 및 채굴 관련 기능직,채굴 및 토목 관련 기능 종사자,JF_SVC_06,unchanged,confirmed,,JF_CON_01
7849,기타 채굴 및 토목 관련 종사원,기능원 및 관련 기능 종사자,건설 및 채굴 관련 기능직,채굴 및 토목 관련 기능 종사자,JF_SVC_06,unchanged,confirmed,,JF_CON_01
7911,공예원,기능원 및 관련 기능 종사자,기타 기능 관련직,공예 및 귀금속 세공원,JF_SVC_06,unchanged,confirmed,,JF_SVC_06
7912,귀금속 및 보석 세공원,기능원 및 관련 기능 종사자,기타 기능 관련직,공예 및 귀금속 세공원,JF_SVC_06,unchanged,confirmed,,JF_SVC_06
7921,건설 배관공,기능원 및 관련 기능 종사자,기타 기능 관련직,배관공,JF_SVC_06,unchanged,confirmed,,JF_SVC_06
7922,공업 배관공,기능원 및 관련 기능 종사자,기타 기능 관련직,배관공,JF_SVC_06,unchanged,confirmed,,JF_SVC_06
7929,기타 배관공,기능원 및 관련 기능 종사자,기타 기능 관련직,배관공,JF_SVC_06,unchanged,confirmed,,JF_SVC_06
7991,세정원,기능원 및 관련 기능 종사자,기타 기능 관련직,기타 기능 관련 종사자,JF_SVC_06,unchanged,confirmed,,JF_SVC_06
7992,방역원,기능원 및 관련 기능 종사자,기타 기능 관련직,기타 기능 관련 종사자,JF_SVC_06,unchanged,confirmed,,JF_SVC_06
7999,기타 기능 관련 종사원,기능원 및 관련 기능 종사자,기타 기능 관련직,기타 기능 관련 종사자,JF_SVC_06,unchanged,confirmed,,JF_SVC_06
8111,제분 및 도정 관련 기계 조작원,장치∙기계 조작 및 조립 종사자,식품가공 관련 기계 조작직,식품가공 관련 기계 조작원,JF_MFG_01,unchanged,confirmed,,JF_MFG_01
8112,곡물가공 제품 기계 조작원,장치∙기계 조작 및 조립 종사자,식품가공 관련 기계 조작직,식품가공 관련 기계 조작원,JF_MFG_01,unchanged,confirmed,,JF_MFG_01
8113,육류‧어패류 및 낙농품 가공 기계 조작원,장치∙기계 조작 및 조립 종사자,식품가공 관련 기계 조작직,식품가공 관련 기계 조작원,JF_MFG_01,unchanged,confirmed,,JF_MFG_01
8114,과실 및 채소가공 관련 기계 조작원,장치∙기계 조작 및 조립 종사자,식품가공 관련 기계 조작직,식품가공 관련 기계 조작원,JF_MFG_01,unchanged,confirmed,,JF_MFG_01
8120,음료 제조 관련 기계 조작원,장치∙기계 조작 및 조립 종사자,식품가공 관련 기계 조작직,음료 제조 관련 기계 조작원,JF_MFG_01,unchanged,confirmed,,JF_MFG_01
8190,기타 식품가공 관련 기계 조작원,장치∙기계 조작 및 조립 종사자,식품가공 관련 기계 조작직,기타 식품가공 관련 기계 조작원,JF_MFG_01,unchanged,confirmed,,JF_MFG_01
8211,섬유 제조 기계 조작원,장치∙기계 조작 및 조립 종사자,섬유 및 신발 관련 기계 조작직,섬유 제조 및 가공 기계 조작원,JF_MFG_01,unchanged,confirmed,,JF_MFG_01
8212,표백 및 염색 관련 기계 조작원,장치∙기계 조작 및 조립 종사자,섬유 및 신발 관련 기계 조작직,섬유 제조 및 가공 기계 조작원,JF_MFG_01,unchanged,confirmed,,JF_MFG_01
8221,직조기 및 편직기 조작원,장치∙기계 조작 및 조립 종사자,섬유 및 신발 관련 기계 조작직,직물‧신발 관련 기계 조작원,JF_MFG_01,unchanged,confirmed,,JF_MFG_01
8222,신발 제조기 조작원,장치∙기계 조작 및 조립 종사자,섬유 및 신발 관련 기계 조작직,직물‧신발 관련 기계 조작원,JF_MFG_01,unchanged,confirmed,,JF_MFG_01
8229,기타 직물‧신발 관련 기계 조작원,장치∙기계 조작 및 조립 종사자,섬유 및 신발 관련 기계 조작직,직물‧신발 관련 기계 조작원,JF_MFG_01,unchanged,confirmed,,JF_MFG_01
8230,세탁 기계 조작원,장치∙기계 조작 및 조립 종사자,섬유 및 신발 관련 기계 조작직,세탁 기계 조작원,JF_MFG_01,unchanged,confirmed,,JF_MFG_01
8311,석유 및 천연가스 제조 관련 제어 장치 조작원,장치∙기계 조작 및 조립 종사자,화학 관련 기계 조작직,석유 및 화학물 가공 장치 조작원,JF_MFG_01,unchanged,confirmed,,JF_MFG_01
8312,화학물 가공 장치 조작원,장치∙기계 조작 및 조립 종사자,화학 관련 기계 조작직,석유 및 화학물 가공 장치 조작원,JF_MFG_01,unchanged,confirmed,,JF_MFG_01
8319,기타 석유 및 화학물 가공 장치 조작원,장치∙기계 조작 및 조립 종사자,화학 관련 기계 조작직,석유 및 화학물 가공 장치 조작원,JF_MFG_01,unchanged,confirmed,,JF_MFG_01
8321,화학제품 생산기 조작원,장치∙기계 조작 및 조립 종사자,화학 관련 기계 조작직,화학‧고무 및 플라스틱 제품 생산기 조작원,JF_MFG_01,unchanged,confirmed,,JF_MFG_01
8322,타이어 및 고무제품 생산기 조작원,장치∙기계 조작 및 조립 종사자,화학 관련 기계 조작직,화학‧고무 및 플라스틱 제품 생산기 조작원,JF_MFG_01,unchanged,confirmed,,JF_MFG_01
8323,플라스틱제품 생산기 조작원,장치∙기계 조작 및 조립 종사자,화학 관련 기계 조작직,화학‧고무 및 플라스틱 제품 생산기 조작원,JF_MFG_01,unchanged,confirmed,,JF_MFG_01
8324,고무 및 플라스틱제품 조립원,장치∙기계 조작 및 조립 종사자,화학 관련 기계 조작직,화학‧고무 및 플라스틱 제품 생산기 조작원,JF_MFG_01,unchanged,confirmed,,JF_MFG_01
8411,주조기 조작원,장치∙기계 조작 및 조립 종사자,금속 및 비금속 관련 기계 조작직,주조 및 금속가공 관련 기계 조작원,JF_MFG_01,unchanged,confirmed,,JF_MFG_01
8412,단조기 조작원,장치∙기계 조작 및 조립 종사자,금속 및 비금속 관련 기계 조작직,주조 및 금속가공 관련 기계 조작원,JF_MFG_01,unchanged,confirmed,,JF_MFG_01
8413,용접기 조작원,장치∙기계 조작 및 조립 종사자,금속 및 비금속 관련 기계 조작직,주조 및 금속가공 관련 기계 조작원,JF_MFG_01,unchanged,confirmed,,JF_MFG_01
8414,금속가공 관련 제어 장치 조작원,장치∙기계 조작 및 조립 종사자,금속 및 비금속 관련 기계 조작직,주조 및 금속가공 관련 기계 조작원,JF_MFG_01,unchanged,confirmed,,JF_MFG_01
8415,금속가공 기계 조작원,장치∙기계 조작 및 조립 종사자,금속 및 비금속 관련 기계 조작직,주조 및 금속가공 관련 기계 조작원,JF_MFG_01,unchanged,confirmed,,JF_MFG_01
8416,제관기 조작원,장치∙기계 조작 및 조립 종사자,금속 및 비금속 관련 기계 조작직,주조 및 금속가공 관련 기계 조작원,JF_MFG_01,unchanged,confirmed,,JF_MFG_01
8417,판금기 조작원,장치∙기계 조작 및 조립 종사자,금속 및 비금속 관련 기계 조작직,주조 및 금속가공 관련 기계 조작원,JF_MFG_01,unchanged,confirmed,,JF_MFG_01
8421,도장기 조작원,장치∙기계 조작 및 조립 종사자,금속 및 비금속 관련 기계 조작직,도장 및 도금기 조작원,JF_MFG_01,unchanged,confirmed,,JF_MFG_01
8422,도금 및 금속 분무기 조작원,장치∙기계 조작 및 조립 종사자,금속 및 비금속 관련 기계 조작직,도장 및 도금기 조작원,JF_MFG_01,unchanged,confirmed,,JF_MFG_01
8431,유리 제조 및 가공기 조작원,장치∙기계 조작 및 조립 종사자,금속 및 비금속 관련 기계 조작직,비금속제품 생산기 조작원,JF_MFG_01,unchanged,confirmed,,JF_MFG_01
8432,점토제품 생산기 조작원,장치∙기계 조작 및 조립 종사자,금속 및 비금속 관련 기계 조작직,비금속제품 생산기 조작원,JF_MFG_01,unchanged,confirmed,,JF_MFG_01
8433,시멘트 및 광물제품 제조기 조작원,장치∙기계 조작 및 조립 종사자,금속 및 비금속 관련 기계 조작직,비금속제품 생산기 조작원,JF_MFG_01,unchanged,confirmed,,JF_MFG_01
8434,광석 및 석제품 가공기 조작원,장치∙기계 조작 및 조립 종사자,금속 및 비금속 관련 기계 조작직,비금속제품 생산기 조작원,JF_MFG_01,unchanged,confirmed,,JF_MFG_01
8439,기타 비금속제품 관련 생산기 조작원,장치∙기계 조작 및 조립 종사자,금속 및 비금속 관련 기계 조작직,비금속제품 생산기 조작원,JF_MFG_01,unchanged,confirmed,,JF_MFG_01
8510,금속 공작 기계 조작원,장치∙기계 조작 및 조립 종사자,기계 제조‧관련 기계 조작 및 조립직,금속 공작 기계 조작원,JF_MFG_01,unchanged,confirmed,,JF_MFG_01
8520,냉난방 관련 설비 조작원,장치∙기계 조작 및 조립 종사자,기계 제조‧관련 기계 조작 및 조립직,냉난방 관련 설비 조작원,JF_MFG_01,unchanged,confirmed,,JF_MFG_01
8530,자동 조립라인 및 산업용로봇 조작원,장치∙기계 조작 및 조립 종사자,기계 제조‧관련 기계 조작 및 조립직,자동 조립라인 및 산업용로봇 조작원,JF_MFG_01,unchanged,confirmed,,JF_MFG_01
8541,자동차 조립원,장치∙기계 조작 및 조립 종사자,기계 제조‧관련 기계 조작 및 조립직,운송차량 조립원,JF_MFG_01,unchanged,confirmed,,JF_MFG_01
8542,자동차 부품 조립원,장치∙기계 조작 및 조립 종사자,기계 제조‧관련 기계 조작 및 조립직,운송차량 조립원,JF_MFG_01,unchanged,confirmed,,JF_MFG_01
8543,운송장비 조립원,장치∙기계 조작 및 조립 종사자,기계 제조‧관련 기계 조작 및 조립직,운송차량 조립원,JF_MFG_01,unchanged,confirmed,,JF_MFG_01
8551,일반기계 조립원,장치∙기계 조작 및 조립 종사자,기계 제조‧관련 기계 조작 및 조립직,운송차량 조립원,JF_MFG_01,unchanged,confirmed,,JF_MFG_01
8552,기계 부품 조립원,장치∙기계 조작 및 조립 종사자,기계 제조‧관련 기계 조작 및 조립직,기계 및 기계 부품 조립원,JF_MFG_01,unchanged,confirmed,,JF_MFG_01
8610,발전 및 배전 장치 조작원,장치∙기계 조작 및 조립 종사자,전기‧전자 관련 기계 조작 및 조립직,발전 및 배전 장치 조작원,JF_MFG_01,unchanged,confirmed,,JF_MFG_01
8620,전기 및 전자설비 조작원,장치∙기계 조작 및 조립 종사자,전기‧전자 관련 기계 조작 및 조립직,전기 및 전자설비 조작원,JF_MFG_01,unchanged,confirmed,,JF_MFG_01
8632,전기 부품 및 제품 제조 기계 조작원,장치∙기계 조작 및 조립 종사자,전기‧전자 관련 기계 조작 및 조립직,전기‧전자 부품 및 제품 제조 장치 조작원,JF_MFG_01,unchanged,confirmed,,JF_MFG_01
8633,전자 부품 및 제품 제조 기계 조작원,장치∙기계 조작 및 조립 종사자,전기‧전자 관련 기계 조작 및 조립직,전기‧전자 부품 및 제품 제조 장치 조작원,JF_MFG_01,unchanged,confirmed,,JF_MFG_01
8640,전기‧전자 부품 및 제품 조립원,장치∙기계 조작 및 조립 종사자,전기‧전자 관련 기계 조작 및 조립직,전기‧전자 부품 및 제품 조립원,JF_MFG_01,unchanged,confirmed,,JF_MFG_01
8711,철도 및 전동차 기관사,장치∙기계 조작 및 조립 종사자,운전 및 운송 관련 기계 조작직,철도‧전동차 기관사 및 관련 종사자,JF_SVC_04,unchanged,confirmed,,JF_SVC_04
8712,철도운송 관련 종사원,장치∙기계 조작 및 조립 종사자,운전 및 운송 관련 기계 조작직,철도‧전동차 기관사 및 관련 종사자,JF_SVC_04,unchanged,confirmed,,JF_SVC_04
8721,택시 운전원,장치∙기계 조작 및 조립 종사자,운전 및 운송 관련 기계 조작직,자동차 운전원,JF_SVC_04,unchanged,confirmed,,JF_SVC_04
8722,버스 운전원,장치∙기계 조작 및 조립 종사자,운전 및 운송 관련 기계 조작직,자동차 운전원,JF_SVC_04,unchanged,confirmed,,JF_SVC_04
8723,화물차 및 특수차 운전원,장치∙기계 조작 및 조립 종사자,운전 및 운송 관련 기계 조작직,자동차 운전원,JF_SVC_04,unchanged,confirmed,,JF_SVC_04
8729,기타 자동차 운전원,장치∙기계 조작 및 조립 종사자,운전 및 운송 관련 기계 조작직,자동차 운전원,JF_SVC_04,unchanged,confirmed,,JF_SVC_04
8730,물품 이동 장비 조작원,장치∙기계 조작 및 조립 종사자,운전 및 운송 관련 기계 조작직,물품 이동 장비 조작원,JF_SVC_04,unchanged,confirmed,,JF_SVC_04
8740,건설 및 채굴기계 운전원,장치∙기계 조작 및 조립 종사자,운전 및 운송 관련 기계 조작직,건설 및 채굴기계 운전원,JF_SVC_04,unchanged,confirmed,,JF_SVC_04
8750,선박 승무원 및 관련 종사원,장치∙기계 조작 및 조립 종사자,운전 및 운송 관련 기계 조작직,선박 승무원 및 관련 종사자,JF_SVC_04,unchanged,confirmed,,JF_SVC_04
8810,상하수도 처리 장치 조작원,장치∙기계 조작 및 조립 종사자,상하수도 및 재활용 처리 관련 기계 조작직,상하수도 처리 장치 조작원,JF_MFG_01,unchanged,confirmed,,JF_MFG_01
8820,재활용 처리 및 소각로 조작원,장치∙기계 조작 및 조립 종사자,상하수도 및 재활용 처리 관련 기계 조작직,재활용 처리 및 소각로 조작원,JF_MFG_01,unchanged,confirmed,,JF_MFG_01
8911,목재 가공 관련 기계 조작원,장치∙기계 조작 및 조립 종사자,목재‧인쇄 및 기타 기계 조작직,목재 및 종이 관련 기계 조작원,JF_MFG_01,unchanged,confirmed,,JF_MFG_01
8912,펄프 및 종이 제조 장치 조작원,장치∙기계 조작 및 조립 종사자,목재‧인쇄 및 기타 기계 조작직,목재 및 종이 관련 기계 조작원,JF_MFG_01,unchanged,confirmed,,JF_MFG_01
8913,종이제품 생산기 조작원,장치∙기계 조작 및 조립 종사자,목재‧인쇄 및 기타 기계 조작직,목재 및 종이 관련 기계 조작원,JF_MFG_01,unchanged,confirmed,,JF_MFG_01
8919,기타 목재 및 종이 관련 기계 조작원,장치∙기계 조작 및 조립 종사자,목재‧인쇄 및 기타 기계 조작직,목재 및 종이 관련 기계 조작원,JF_MFG_01,unchanged,confirmed,,JF_MFG_01
8921,인쇄 관련 기계 조작원,장치∙기계 조작 및 조립 종사자,목재‧인쇄 및 기타 기계 조작직,인쇄 및 사진 현상 관련 기계 조작원,JF_MFG_01,unchanged,confirmed,,JF_MFG_01
8922,사진 인화 및 현상기 조작원,장치∙기계 조작 및 조립 종사자,목재‧인쇄 및 기타 기계 조작직,인쇄 및 사진 현상 관련 기계 조작원,JF_MFG_01,unchanged,confirmed,,JF_MFG_01
8990,기타 기계 조작원,장치∙기계 조작 및 조립 종사자,목재‧인쇄 및 기타 기계 조작직,기타 기계 조작원,JF_MFG_01,unchanged,confirmed,,JF_MFG_01
9100,건설 및 광업 단순 종사원,단순노무 종사자,건설 및 광업 관련 단순 노무직,건설 및 광업 단순 종사자,JF_MFG_05,unchanged,confirmed,,JF_MFG_01
9211,하역 및 적재 단순 종사원,단순노무 종사자,운송 관련 단순 노무직,하역‧적재 및 분류 단순 종사자,JF_SVC_06,unchanged,confirmed,,JF_SVC_06
9212,화물 분류원,단순노무 종사자,운송 관련 단순 노무직,하역‧적재 및 분류 단순 종사자,JF_SVC_06,unchanged,confirmed,,JF_SVC_06
9221,우편집배원,단순노무 종사자,운송 관련 단순 노무직,배달원,JF_OPS_02,unchanged,confirmed,,JF_OPS_02
9222,택배원,단순노무 종사자,운송 관련 단순 노무직,배달원,JF_OPS_02,unchanged,confirmed,,JF_OPS_02
9223,늘찬배달원,단순노무 종사자,운송 관련 단순 노무직,배달원,JF_OPS_02,unchanged,confirmed,,JF_OPS_02
9224,정기배달원,단순노무 종사자,운송 관련 단순 노무직,배달원,JF_OPS_02,unchanged,confirmed,,JF_OPS_02
9229,기타 배달원,단순노무 종사자,운송 관련 단순 노무직,배달원,JF_OPS_02,unchanged,confirmed,,JF_OPS_02
9301,가구 조립원,단순노무 종사자,제조 관련 단순 노무직,제조 관련 단순 종사자,JF_SVC_06,unchanged,confirmed,,JF_SVC_06
9309,기타 제조 관련 단순 종사원,단순노무 종사자,제조 관련 단순 노무직,제조 관련 단순 종사자,JF_SVC_06,unchanged,confirmed,,JF_SVC_06
9411,건물 청소원,단순노무 종사자,청소 및 건물 관리 단순 노무직,청소 관련 종사자,JF_SVC_06,unchanged,confirmed,,JF_SVC_06
9412,운송 및 시설장비 청소원,단순노무 종사자,청소 및 건물 관리 단순 노무직,청소 관련 종사자,JF_SVC_06,unchanged,confirmed,,JF_SVC_06
9413,거리 및 공공장소 청소원,단순노무 종사자,청소 및 건물 관리 단순 노무직,청소 관련 종사자,JF_SVC_06,unchanged,confirmed,,JF_SVC_06
9414,재활용품 및 쓰레기 수거원,단순노무 종사자,청소 및 건물 관리 단순 노무직,청소 관련 종사자,JF_SVC_06,unchanged,confirmed,,JF_SVC_06
9419,기타 청소 관련 종사원,단순노무 종사자,청소 및 건물 관리 단순 노무직,청소 관련 종사자,JF_SVC_06,unchanged,confirmed,,JF_SVC_06
9420,건물 관리원,단순노무 종사자,청소 및 건물 관리 단순 노무직,건물 관리원,JF_SVC_06,unchanged,confirmed,,JF_SVC_06
9521,패스트푸드 준비원,단순노무 종사자,가사‧음식 및 판매 관련 단순 노무직,음식 관련 단순 종사자,JF_SVC_06,unchanged,confirmed,,JF_SVC_06
9522,주방 보조원,단순노무 종사자,가사‧음식 및 판매 관련 단순 노무직,음식 관련 단순 종사자,JF_SVC_06,unchanged,confirmed,,JF_SVC_06
9531,주유원,단순노무 종사자,가사‧음식 및 판매 관련 단순 노무직,판매 관련 단순 종사자,JF_SVC_06,unchanged,confirmed,,JF_SVC_06
9539,기타 판매 관련 단순 종사원,단순노무 종사자,가사‧음식 및 판매 관련 단순 노무직,판매 관련 단순 종사자,JF_SVC_06,unchanged,confirmed,,JF_SVC_06
9921,계기 검침원 및 가스 점검원,단순노무 종사자,농림어업 및 기타 서비스 단순 노무직,계기‧자판기 및 주차 관리 종사자,JF_SVC_06,unchanged,confirmed,,JF_SVC_06
9922,자동판매기 관리원,단순노무 종사자,농림어업 및 기타 서비스 단순 노무직,계기‧자판기 및 주차 관리 종사자,JF_SVC_06,unchanged,confirmed,,JF_SVC_06
9923,주차 관리원 및 안내원,단순노무 종사자,농림어업 및 기타 서비스 단순 노무직,계기‧자판기 및 주차 관리 종사자,JF_SVC_06,unchanged,confirmed,,JF_SVC_06
9992,세탁원 및 다림질원,단순노무 종사자,농림어업 및 기타 서비스 단순 노무직,기타 서비스 관련 단순 종사자,JF_SVC_06,unchanged,confirmed,,JF_SVC_06
9999,기타 서비스 관련 단순 종사원,단순노무 종사자,농림어업 및 기타 서비스 단순 노무직,기타 서비스 관련 단순 종사자,JF_SVC_06,unchanged,confirmed,,JF_SVC_06
A,군인,군인,,,JF_SVC_05,unchanged,confirmed,,JF_SVC_05
